dllName,Status
Fishpole.dll,0
Wsftpctl.dll,0
Wuinst.dll,0
Wavesync.dll,0
Wecjlib.dll,0
Wt9ldst.dll,0
Wt9spwp.dll,0
Rtdrvfn.dll,0
Rtnf3290.dll,0
Sdm95fe.dll,0
Sdspnsamp2.dll,0
Sf_boiler_sfun.dll,0
Stripify_module.dll,0
Tfilesys.dll,0
Tipp259.dll,0
Tipp262.dll,0
Tipp367.dll,0
Tipp395.dll,0
Tipp435.dll,0
Tipp439.dll,0
Tipp443.dll,0
Umaxu40.dll,0
Unmatch.dll,0
Ut_copy.dll,0
Ut_fax.dll,0
Vb_climiter.dll,0
Vidtlp.dll,0
Vpcnets2.dll,0
Vtinfo2.dll,0
Xtrafun_mm.dll,0
Res2.dll,0
Rjmp3pln.dll,0
Rocketlh.dll,0
Rtwctags.dll,0
Sl_subsys_fcncall3_sfun.dll,0
Sstrmel.dll,0
Streamviewer.dll,0
Tlbexpcode.dll,0
Tmdx326040_adc.dll,0
Tmregutil.dll,0
Ucwdll.dll,0
Urlio91.dll,0
Ypagerps.dll,0
Sctplug.dll,0
Ypagerps.dll,0
Wt9ldaf.dll,0
W4w19f.dll,0
Wmaencx.dll,0
Wt9_1spwp.dll,0
Wwebcomp.dll,0
Sfun_bitop.dll,0
Tieng32.dll,0
Tipp202.dll,0
Tipp385.dll,0
Tipp447.dll,0
Translateshim.dll,0
Vorbisenc_d.dll,0
Vstringball.dll,0
Vufile32.dll,0
Xpcinterrupt.dll,0
Saeroatmos.dll,0
Sdspdelay.dll,0
Sessionservice1.dll,0
Setupnwr.dll,0
Setuprsrc.dll,0
Sgidialog.dll,0
Sm_cstrike_mm.dll,0
Supp_send_invoice.dll,0
Ufcpntbs.dll,0
Vamts.dll,0
Sdspdwt.dll,0
Sdspuencode.dll,0
Sfmmon.dll,0
Sfun_pose2vr.dll,0
Soapheadersjs.dll,0
Spdreader.dll,0
Spra0416.dll,0
Sscplda.dll,0
Stic6x_bexp.dll,0
Tipp335.dll,0
Twpopup.dll,0
Wma.dll,0
Ygppicdownload.dll,0
Scrubdll.dll,0
Umdm16.dll,0
Wmerrnor.dll,0
Req.dll,0
Rpwm3260.dll,0
Wkapclng.dll,0
Wm95r.dll,0
Wscommcntracconres.dll,0
Wscommcntrui1.dll,0
Wscommcntracconres.dll,0
Rvbprvwz.dll,0
Setu3260.dll,0
Strlines.dll,0
Symamg32.dll,0
Tgiul50.dll,0
Tipp239.dll,0
Uvipl.dll,0
Vbrenderedtest.dll,0
Vis_leds.dll,0
Vsimagres_en.dll,0
Xpthread.dll,0
Sdsplevdurb2.dll,0
Sendmath.dll,0
Sfun_idxsearch.dll,0
Tipp383.dll,0
Turcia.dll,0
Twaindsb.dll,0
Urodb.dll,0
Vidtc3ui.dll,0
Vtlsmap.dll,0
Winuae_french.dll,0
Wmexfmwp.dll,0
Wt9ldno.dll,0
Rtwdemo_advsc_sfun.dll,0
Serwritequa.dll,0
Sp132.dll,0
Upfirdnmex.dll,0
Vbsimplestyle.dll,0
Vis_slideshow.dll,0
Volume32.dll,0
Ygppicdownloadres.dll,0
Routefinder.dll,0
Shoutcastlive.dll,0
Tipp118.dll,0
Titleeng.dll,0
Trados5xmldom.dll,0
Uninstwdm.dll,0
Vbtablelistsnippet.dll,0
Vcres.dll,0
Vsaxumspres_en.dll,0
Ygppicedit.dll,0
Scclo.dll,0
W3danarb_dd7.dll,0
S32luhm1.dll,0
Wusermsg.dll,0
Rtwtinst.dll,0
Sf_eventfcn_sfun.dll,0
Rtwtinst.dll,0
Sisgl.dll,0
Startup7.dll,0
Tipp18.dll,0
Tipp434.dll,0
Tipp73.dll,0
Ucsrwufo.dll,0
Vsavbprojui.dll,0
Rpshellsearch.dll,0
Rscnol22.dll,0
Rvcbrowsecode.dll,0
Spwsadapter.dll,0
Uninetinst.dll,0
Ygxa_2.dll,0
Ultrafunk fxcompressor.dll,0
Wt9lden.dll,0
Wt9ldfr.dll,0
Scomselect.dll,0
Wkcalps.dll,0
Wksslng.dll,0
Wmswizardres.dll,0
Rvccodegen.dll,0
Sagenmsg.dll,0
Sdspdsamp.dll,0
Sdspwafo.dll,0
Sfun_runtime2.dll,0
Tipp251.dll,0
Upgr3260.dll,0
Urildr.dll,0
Vsdataiores_en.dll,0
Sdspdiag2.dll,0
Sdspifft.dll,0
Sfun_user_fxp_biasprobe.dll,0
Swfexport.dll,0
Tipp309.dll,0
Tipp331.dll,0
Vbstatenevents.dll,0
Wmm2eres.dll,0
Scenetools.dll,0
Wmsmonitorres.dll,0
Wudetect.dll,0
Rtwdemo_sfexprfold_sfun.dll,0
Rvsres.dll,0
Sdphandl.dll,0
Sf_matrix_sfun.dll,0
Sstrmzhc.dll,0
Staggerfkernel.dll,0
Sx96v32.dll,0
Staggerfkernel.dll,0
Tipp338.dll,0
Vbunittestsample.dll,0
Sf_cpp_sfun.dll,0
Shareac.dll,0
Smlr3260.dll,0
Tipp476.dll,0
Vis_geis2.dll,0
Wm95usp.dll,0
Wrapum.dll,0
Wxmsw251h_core_vc.dll,0
Scomrsdec.dll,0
Touchpro (deutsch).dll,0
W3dfree_dd8.dll,0
Wkshbsvc.dll,0
Word7dll.dll,0
Wt9ldtn.dll,0
Wtcc61nl.dll,0
Sdspadyad.dll,0
Softdrv.dll,0
Sscplnl.dll,0
Ssiltk32.dll,0
Tipp365.dll,0
Tipp387.dll,0
Tipp464.dll,0
Uiplm6.dll,0
Vsa7director.dll,0
Vsnetutils.dll,0
Xeswmsg.dll,0
Sdfsymmetricfirfilter.dll,0
Sdspfilter2_fltpt_fir_df_sym.dll,0
Spurecorder.dll,0
Sscplfr.dll,0
Tipp317.dll,0
Tipp70.dll,0
Tokr3260.dll,0
Ut_imageeditor.dll,0
Wz3dll16.dll,0
Scomapp.dll,0
Scomdrpt2.dll,0
Winuae_german.dll,0
Wndrgn.dll,0
Wsfsync.dll,0
Sf_tlevery_sfun.dll,0
Sfun_tpu3_fqd.dll,0
Snooker.dll,0
Textureeditor.dll,0
Via_stor.dll,0
Textureeditor.dll,0
Zoombrowserengine.dll,0
Reversedcomps.dll,0
Rs232sendrec.dll,0
Str_ger.dll,0
Studyquestions.dll,0
Teksetup.dll,0
Tipp378.dll,0
Tipp413.dll,0
Tipp467.dll,0
U32txtur.dll,0
Uliblzw.dll,0
Vbadosnippet.dll,0
Scomfskdemod.dll,0
Scrpbk.dll,0
Wendlandevalsfnv1.dll,0
Wkwzlay.dll,0
Spsrxui.dll,0
Tipp477.dll,0
Umkrnl20.dll,0
Vahtpui.dll,0
Xreg3xsplinejacobsfnv1.dll,0
Vicetxd.dll,0
Vidwojui.dll,0
Vnoisegate.dll,0
Scomcpmdemod.dll,0
Wsreg.dll,0
Wkabilng.dll,0
Wmsmulticastsinkproppage.dll,0
Sbs_iehost.dll,0
Sdspacf2.dll,0
Sdspfilter2_fixpt_iir_df1.dll,0
Sdspunwrap2.dll,0
Sf_tlbefore_sfun.dll,0
Transform.dll,0
Xpcbit2double.dll,0
Sbvdd.dll,0
Sdspdiag.dll,0
Sdspfirdn.dll,0
Stiiqmath_iqdiv.dll,0
Stlnprop.dll,0
Sxmidih.dll,0
Scnlib32.dll,0
Wmwrap.dll,0
Reportmsgintf.dll,0
Rundrvnt.dll,0
Spec_an.dll,0
Startup0.dll,0
Spec_an.dll,0
Tcptsat.dll,0
Wmpci54g.dll,0
Wmv8dmoe.dll,0
Sdspudecode2.dll,0
Sdspupsamp2.dll,0
Sf_custom_sfun.dll,0
Sstrmnl.dll,0
Supplier_comps.dll,0
Umloader.dll,0
Vsodbciores_en.dll,0
Vssetupreqs.dll,0
Stic6x_firlms2.dll,0
Toonboomstudioimportplugin.dll,0
Wevres.dll,0
Wt9_1ldxx.dll,0
Rtwdemo_symbols_sfun.dll,0
Sdspfbsub.dll,0
Sfmpsfnt.dll,0
Spra0413.dll,0
Swabout.dll,0
Stringtest2lib.dll,0
Visfusionampmanspkrs.dll,0
Xfpx.dll,0
Wt9_1ldsl.dll,0
Wksblng.dll,0
Wkwpquil.dll,0
Simplehandlervb.dll,0
Zislib32.dll,0
Wa001311.dll,0
Sqlparse.dll,0
Sscplzht.dll,0
Ttstage.dll,0
Sf_gfexport_sfun.dll,0
Spaceeffect.dll,0
Tschedvu.dll,0
Wimgfile.dll,0
S32rap8.dll,0
Soc32msg.dll,0
Tmdbg.dll,0
Transp.dll,0
Solutionutils.dll,0
Swvideotranscoder.dll,0
Sdspacf.dll,0
Staggerikernel.dll,0
Symedit.dll,0
Vbpassportsnippet.dll,0
Wshsv.dll,0
Vbpassportsnippet.dll,0
Updateclientdll.dll,0
Rtcrtp.dll,0
Rvbparse.dll,0
Sfun_user_fxp_issignedprobe.dll,0
Tipp129.dll,0
Vcnvrtr.dll,0
W3dvint_dd7.dll,0
Scomawgnchan2.dll,0
Syncdrve.dll,0
Recoggbk.dll,0
Siint4.dll,0
Vba_jpn.dll,0
Scanman15.dll,0
Wmsipaccessproppage.dll,0
Slinke.dll,0
Sortcellchar.dll,0
U32fido.dll,0
Rpau3260.dll,0
Sstrapl.dll,0
Umlvc50.dll,0
Vbprop.dll,0
Sfpan.dll,0
Sprbuild.dll,0
Stv7.dll,0
Vxmlpresetreader.dll,0
Smpl3260.dll,0
Spdinstalldrv.dll,0
Sscdlg.dll,0
Ssmyjet.dll,0
Tradosctreestd.dll,0
W3dmmglb_dd8.dll,0
Wmsched.dll,0
Wwctl34i.dll,0
Segsdk.dll,0
Snprompt.dll,0
Stiiqmath_iqint.dll,0
Tipp36.dll,0
Vcprojectconversion.dll,0
Xfontman.dll,0
Rvcreso.dll,0
Wsfirscr.dll,0
Sfupload.dll,0
Sstrmes.dll,0
Tnetdtct.dll,0
Vasei.dll,0
Vbbuildsnippet.dll,0
Rmatrix3dnow.dll,0
Vbbuildsnippet.dll,0
Sdspwwv2.dll,0
Skin62.dll,0
Wmv8dmod.dll,0
Whiptk7.dll,0
Talklg32.dll,0
Sdiclnt.dll,0
Sdspvidly2.dll,0
Ussgifsa5.dll,0
Wbemads.dll,0
Rvbaddinmenus.dll,0
Stiiqmath_iqmpyiqx.dll,0
Tipp277.dll,0
Wavd3bvr.dll,0
Tgbr_dll.dll,0
Tipp295.dll,0
Unpk2.dll,0
Visorusb.dll,0
Tipp339.dll,0
Tipp446.dll,0
Tipp462.dll,0
Wnvplay1.dll,0
Sqlshare.dll,0
Tipp282.dll,0
Typeddata.dll,0
Storagesps_20021104a.dll,0
Shmips4.dll,0
Twsfilesniffer.dll,0
Wt9_1ldnl.dll,0
Wt9_1sptp.dll,0
Relaxunzipper.dll,0
Res3.dll,0
Rn5b3242.dll,0
Rnmp3260.dll,0
Rslstub.dll,0
Rsssourcesaferes.dll,0
Rtin3290.dll,0
Sdspmtoep.dll,0
Sdspoverwrite.dll,0
Sdspperm2.dll,0
Sdspqre.dll,0
Sdspramp.dll,0
Sdsprandsrc2.dll,0
Sdsprc2lpc.dll,0
Sertxenablebase.dll,0
Sfun_ccp_termination.dll,0
Sfun_cppcount_c.dll,0
Sfun_frmunbuff.dll,0
Sfun_cppcount_c.dll,0
Sfun_gen_ccp_auto_defs.dll,0
Sfun_io_handling1.dll,0
Sis95rcdec.dll,0
Sis95rcint.dll,0
Sisozero.dll,0
Skinscansks.dll,0
Sndext_vsr.dll,0
Snmpelmg.dll,0
Soapheaders.dll,0
Sscplsk.dll,0
Statespacefilter.dll,0
Steamvalidateuseridtickets.dll,0
Stspace.dll,0
Stvdtf.dll,0
Supaphaser.dll,0
Syntpcoi.dll,0
Sysinfont.dll,0
Sysmod_a.dll,0
Tidmcclarke.dll,0
Tidmcrampcntl.dll,0
Tidmcspeed.dll,0
Tlfxlib.dll,0
Txctxps.dll,0
Vdk150a.dll,0
Vdlmintc.dll,0
Vimutil.dll,0
Virsyntera.dll,0
Voxengotubeamp.dll,0
Vqfdeclib.1.1.dll,0
Vxtask1.dll,0
Xp_icq.dll,0
Libimg-2.2.9.dll,0
Ruff speccy.dll,0
Scanclear50.dll,0
Scanman7.dll,0
Scanres.dll,0
Scanscsi.dll,0
Ultravoice - mono insert.dll,0
Virtual bassist.dll,0
Visio adsi provider.dll,0
Voicemachine processor.dll,0
Vpp band chorus.dll,0
Vpp ultraverb.dll,0
Wgeotifc.dll,0
Winampvis.dll,0
Winaudioplayer.dll,0
Wincommon.dll,0
Winaudioplayer.dll,0
Window_resources_release.dll,0
Windowpos.dll,0
Wp_fireball.dll,0
Wp_laser.dll,0
Wp_lightning.dll,0
Wp_pcmcia.dll,0
Wp_ultrasonic.dll,0
Msvcr120.dll,0
Kernel32.dll,0
Binkw32.dll,0
Msvcp100.dll,0
Msvcp120.dll,0
D3dx9_26.dll,0
Xlive.dll,0
D3d9.dll,0
Xinput1_3.dll,0
D3dx9_43.dll,0
Msvcr110.dll,0
Msvcp110.dll,0
Msvcr71.dll,0
Lame_enc.dll,0
Mss32.dll,0
Opengl32.dll,0
D3dx9_42.dll,0
D3dx9_30.dll,0
Dinput8.dll,0
Opengl.dll,0
Activation.dll,0
Eax.dll,0
Libeay32.dll,0
Adobepdf.dll,0
Capicom.dll,0
Vorbisfile.dll,0
Msstdfmt.dll,0
D3dx9_27.dll,0
Msvcrt.dll,0
Glide2x.dll,0
Openal32.dll,0
Core.dll,0
Msvcp71.dll,0
Advapi32.dll,0
Msvbvm50.dll,0
Api.dll,0
Libmysql.dll,0
Dsound.dll,0
Jvm.dll,0
Ntdll.dll,0
D3drm.dll,0
Libcurl.dll,0
Comctl32.dll,0
Setup.dll,0
D3dx9_25.dll,0
Packet.dll,0
Shell32.dll,0
Ddraw.dll,0
Shell32.dll,0
Granny2.dll,0
Engine.dll,0
Mscoree.dll,0
Dxgi.dll,0
Iphlpapi.dll,0
File.dll,0
Dx9.dll,0
Bass.dll,0
Dbghelp.dll,0
Ogg.dll,0
Libmmd.dll,0
Cygwin1.dll,0
D3d8.dll,0
Dao350.dll,0
Dumper.dll,0
Dx8vb.dll,0
Midas.dll,0
Game.dll,0
Php_mcrypt.dll,0
Borlndmm.dll,0
Mfc71.dll,0
Dsetup.dll,0
Hal.dll,0
Msvcr70.dll,0
Cards.dll,0
Dplay.dll,0
Install.dll,0
Burutter.dll,0
Appdata.dll,0
Gpedit.dll,0
Extension.dll,0
Crystaldecisions.crystalreports.engine.dll,0
Acadres.dll,0
Directsound.dll,0
Dnsapi.dll,0
Hypersonic.dll,0
Zlib1.dll,0
Kernel.dll,0
Oleaut32.dll,0
User32.dll,0
Libextensions.dll,0
Wininet.dll,0
Ws2_32.dll,0
Hypertrm.dll,0
Fruity wrapper.dll,0
Chrome.dll,0
Atioglxx.dll,0
Chrome.dll,0
Winmm.dll,0
Advpack.dll,0
Cshell.dll,0
Apiclient.dll,0
Gds32.dll,0
Bib.dll,0
Acropdf.dll,0
Common.dll,0
Netplwiz.dll,0
Freeimage.dll,0
Flengine.dll,0
Ace.dll,0
Psikey.dll,0
Cg.dll,0
Version.dll,0
Msxml.dll,0
Comdlg32.dll,0
Dao360.dll,0
01w.dll,0
Mshtml.dll,0
Libxml2.dll,0
Java.dll,0
Ole32.dll,0
Audiosrv.dll,0
Msimg32.dll,0
Gdiplus.dll,0
Dinput.dll,0
Ijl15.dll,0
Directx.dll,0
Crviewer.dll,0
Libglib-2.0-0.dll,0
Btballoon.dll,0
Msxml4.dll,0
Runtime.dll,0
Mfc42.dll,0
Msi.dll,0
Dciman32.dll,0
Accessiblemarshal.dll,0
Mscms.dll,0
Binkw64.dll,0
Adobelinguistic.dll,0
Emu.dll,0
Php_mysql.dll,0
Devmgr.dll,0
Ikernel.dll,0
Hw.dll,0
Crpe32.dll,0
Hw.dll,0
Hlvdd.dll,0
Ntwdblib.dll,0
Traffic.dll,0
Fruity reeverb 2.dll,0
Mscorlib.dll,0
Fruity soundfont player.dll,0
Storm.dll,0
Activeds.dll,0
Msvcp50.dll,0
Mfc42d.dll,0
Glut32.dll,0
Client.dll,0
Zlibwapi.dll,0
Netapi32.dll,0
Loader.dll,0
Initpki.dll,0
Kontakt.dll,0
Macdll.dll,0
Devil.dll,0
Ace32.dll,0
Mpr.dll,0
Apphelp.dll,0
Msxml3.dll,0
Mfc42u.dll,0
Noclip.dll,0
Gdi32.dll,0
Adodb.dll,0
Alaudio.dll,0
Dx7vb.dll,0
Crypt32.dll,0
Olepro32.dll,0
Dbgeng.dll,0
Helper.dll,0
Agentctl.dll,0
Microsoft.jscript.dll,0
Aclui.dll,0
Mso.dll,0
Rave.dll,0
Rpcrt4.dll,0
Msvcrtd.dll,0
Shlwapi.dll,0
Plugin.dll,0
Cl.dll,0
Divxdecoder.dll,0
Msointl.dll,0
Bassmod.dll,0
Wuauserv.dll,0
Bassmod.dll,0
Rar.dll,0
Graphics.dll,0
Ls3df.dll,0
Csp.dll,0
Acgenral.dll,0
Rbass.dll,0
Dolbyhph.dll,0
Agm.dll,0
Odbc32.dll,0
Fl keys.dll,0
Dlportio.dll,0
Fl slayer.dll,0
Ac1st16.dll,0
Owc11.dll,0
Fp4autl.dll,0
Npptools.dll,0
Dplayx.dll,0
Craxdrt.dll,0
Mfc71u.dll,0
Rapi.dll,0
Php_mssql.dll,0
Avcodec.dll,0
Avifil32.dll,0
Freetype.dll,0
Depends.dll,0
Nvcpl.dll,0
Imm32.dll,0
Gsdll32.dll,0
Psapi.dll,0
Ksuser.dll,0
Agt040d.dll,0
Adsldpc.dll,0
Msdbrptr.dll,0
Aweman32.dll,0
Msxml2.dll,0
Ccapi.dll,0
Cfgmgr32.dll,0
Aires.dll,0
Imagehlp.dll,0
Avicap32.dll,0
Libvorbis.dll,0
Actxprxy.dll,0
Asycfilt.dll,0
Lpk.dll,0
Mapiml.dll,0
Fruity parametric eq.dll,0
Libmcrypt.dll,0
Fruity parametric eq.dll,0
Fruity slicer.dll,0
Glut.dll,0
Mfc70.dll,0
Msvcp60.dll,0
Msvcrt40.dll,0
Credui.dll,0
Mingwm10.dll,0
Libssl32.dll,0
Network.dll,0
Px.dll,0
Ceutil.dll,0
Jscript.dll,0
Libpq.dll,0
0412.dll,0
Flash.dll,0
Quartz.dll,0
Mapi32.dll,0
Msjava.dll,0
Kf2mfc.dll,0
Dhcpcsvc.dll,0
Wtsapi32.dll,0
Browser.dll,0
Base.dll,0
Patchw32.dll,0
Oledlg.dll,0
Acdb16.dll,0
Setupapi.dll,0
Msdart.dll,0
Php_pdo.dll,0
Bugslayerutil.dll,0
Crypto.dll,0
Printui.dll,0
Dzip32.dll,0
Icons.dll,0
Default.dll,0
Cabinet.dll,0
Cpanel.dll,0
Cryptext.dll,0
Php_openssl.dll,0
Acrord32.dll,0
Atl.dll,0
Advrcntr2.dll,0
Object.dll,0
Autorungui.dll,0
Nss3.dll,0
Msado15.dll,0
Php_curl.dll,0
Msado15.dll,0
Cdm.dll,0
Cggl.dll,0
Fruity bass boost.dll,0
Mstscax.dll,0
Atl71.dll,0
Dwdcw20.dll,0
Crystaldecisions.windows.forms.dll,0
Msacm32.dll,0
Browseui.dll,0
Php_tokenizer.dll,0
Php_printer.dll,0
Arabic.dll,0
Glu32.dll,0
Hccutils.dll,0
Crviewer9.dll,0
Drmclien.dll,0
Waveshell.dll,0
Glide3x.dll,0
Secur32.dll,0
Amstream.dll,0
Framedyn.dll,0
Cc3250mt.dll,0
Acge16.dll,0
Aclayers.dll,0
Msvfw32.dll,0
Ati2dvag.dll,0
Unrar.dll,0
Nspr4.dll,0
Libmwservices.dll,0
Msadox.dll,0
Netrap.dll,0
Acctres.dll,0
Crashrpt.dll,0
Powrprof.dll,0
Dbnetlib.dll,0
Crystaldecisions.shared.dll,0
Cc3260mt.dll,0
Steamui.dll,0
D3d8thk.dll,0
Libavi-dd-1.1.0.dll,0
Dforrt.dll,0
Key.dll,0
Pcre.dll,0
Pdh.dll,0
Halmacpi.dll,0
Npswf32.dll,0
Photoshop.dll,0
Npswf32.dll,0
Wpdmtp.dll,0
Krnlprov.dll,0
Atipdlxx.dll,0
Base64.dll,0
Msderun.dll,0
Fruity free filter.dll,0
Javasign.dll,0
Coredll.dll,0
Php_mysqli.dll,0
Msoe.dll,0
Newdev.dll,0
Microsoft.mshtml.dll,0
Msvcirt.dll,0
Mssoap30.dll,0
Mscorwks.dll,0
Ctl3d32.dll,0
Inifile.dll,0
Php_ctype.dll,0
Hid.dll,0
us12.23.dll,1
us.dll,1
ca1.dll,1
ca.dll,1
9092.dll,1
9091.dll,1
9095.dll,1
z745hbus8A.dll,1
fW1PcUI2uF.dll,1
ZoUkjFNM2x.dll,1
2b125f2ace8efc74821771b2070cc98b5e9d114ea168990125223f322ac5973e.dll,1
da90aa4c4c306fd9e9cbd7cd946fdc459ce65e7aed16a655e3477a390ba41cb8.dll,1
17f52e0144b2c518e5dab0bb1f8ef06378cb6caba1593c47653aa936670e8526.dll,1
RwVWmQ6U9Z.dll,1
1d65e4da78f284b83fa7c339bfea878c.dll,1
bbfee2210aaaad3fa8384c536e739455.dll,1
79cdf0d2e2344784eeb69f391e25f14b.dll,1
2f007ccfe55b659c7cee3131f9d7cd20.dll,1
b05ba880b82f0ba7bbe484e4534d121b.dll,1
c21106509c21af12b3d4e8b9dcbc848b.dll,1
7ea3260bf57ed516f301249fa659ee2a.dll,1
b3c9f80cb42ade8698e9047a75ce60a3.dll,1
3e5274d96ad3bc64873013fde5c1a672.dll,1
1d65e4da78f284b83fa7c339bfea878c.dll,1
bbfee2210aaaad3fa8384c536e739455.dll,1
79cdf0d2e2344784eeb69f391e25f14b.dll,1
2f007ccfe55b659c7cee3131f9d7cd20.dll,1
b05ba880b82f0ba7bbe484e4534d121b.dll,1
c21106509c21af12b3d4e8b9dcbc848b.dll,1
7ea3260bf57ed516f301249fa659ee2a.dll,1
b3c9f80cb42ade8698e9047a75ce60a3.dll,1
3e5274d96ad3bc64873013fde5c1a672.dll,1
emotet_exe_e5_3d46d6.dll,1
gF1nMkOSsT0Jq.dll,1
Uqyaddo28J.dll,1
f970.dll,1
Uqyaddo28J.dll,1
Pw5sPw0RrN.dll,1
YA29aMinuC.dll,1
E8OPd66yDh.dll,1
emotet_exe_e4_476cc2.dll,1
emotet_exe_e4_df1760486f7da408cc7258ca8bc074ad83a96cf319c8ca7b2d96e4e15e4e1287_2022-01-01__230713.exe.dll,1
emotet_exe_e4_4b7893b758bc21d5fffb664a1bddf29fabd61ffbe1dfcb89bd0164cb913a26e4_2021-12-31__202441.exe.dll,1
emotet_exe_e4_66bdbe.dll,1
f824.dll,1
emotet_exe_e4_4b7893b758bc21d5fffb664a1bddf29fabd61ffbe1dfcb89bd0164cb913a26e4_2021-12-31__202441.exe.dll,1
emotet_exe_e5_3797469ca947bba552ee31ed4502dbaa5a471ab5c35127d87c4720a8ec344690_2021-12-31__051424.exe.dll,1
emotet_exe_e5_59660ef18e24bfbd9096636c446c87a7c42c0000867ccf0686e57ecf98f219d5_2021-12-30__034140.exe.dll,1
emotet_exe_e5_3d46d6.dll,1
Uqyaddo28J.dll,1
Pw5sPw0RrN.dll,1
YA29aMinuC.dll,1
E8OPd66yDh.dll,1
emotet_exe_e5_42be8b7b5806fc3da370fd664af0e626776ac93a85eacfd6e37d07c79d5f3257_2021-12-30__023243.exe.dll,1
emotet_exe_e5_9189207e5da21b8219e8f89de8ae9ab2de9bb07d2fff464b817d8358d918d6be_2021-12-30__021759.exe.dll,1
emotet_exe_e5_79050b25475d154df3d6fa25274c95265776bc2bbdd1a892d7f7f1016c027ca5_2021-12-30__021248.exe.dll,1
emotet_exe_e4_6a3ee4fa4725fb6c5f746a05cae873f80c17f0fe89b433e683102efa21185e00_2021-12-28__012201.exe.dll,1
emotet_exe_e5_0067b2a4cc1cef5729bcb9bfb0edf24dd058741e3de650b75e0ab2a32712d82d_2021-12-27__083626.exe.dll,1
emotet_exe_e5_7e1686a0132137c1508bdd545c611838e6322609c4950900129c465212bf1ee5_2021-12-26__092041.exe.dll,1
6b05c68b112c05b7216db391a1673487.dll,1
emotet_exe_e4_deae49d54e4c2f0941ecee1b100618ab6e350927b3f69adbb127bd39b347cc39_2021-12-25__013243.exe.dll,1
2b4532cac5a1e99f3e892100a0515c89.dll,1
acd941c8f980124f044f6615700c0cb1.dll,1
5c93b74c3b3e7381a880ad97e792942b.dll,1
6e81521bbd3c6bc2056469df9f385159.dll,1
93dd80a0616761d3efa5d9e672789e05.dll,1
83bdadddd937a40aad7964477119b580.dll,1
50f5baaea85fe51d80622f6f3c4761c8.dll,1
0c832bdf251982da25c5b1834431fc13.dll,1
05a12c644d190897fb7db00d142b1430.dll,1
2a3ca8c169007223c91bfce27c02b8cf.dll,1
414d0e444e5e961032215e349070a7a7.dll,1
985e65546c6a50c5e9230b60c80915c6.dll,1
emotet_exe_e4_d4c183bdfe14a2bda341398dd78e47cbd84f26070fce3404e6484cd54c3df354_2021-12-25__001503.exe.dll,1
emotet_exe_e4_5083a010eebcbbdec77ae2c8ed79ce145b4a8fe5e8a06b188142ee6d2c38a431_2021-12-25__000403.exe.dll,1
emotet_exe_e4_5f775497d95f169059a3c452d95d048401a55d7d5b1effb23d4f1b83c64f3944_2021-12-25__000404.exe.dll,1
emotet_exe_e4_93b1961778134365674fc33819dd1335abb484359f5dbe896f718bc7795035c8_2021-12-25__000403.exe.dll,1
emotet_exe_e4_dd98a9248ff7a0ae6cca80cd556a6aeec7d5e863a5041a2d530202127916b0c5_2021-12-25__000404.exe.dll,1
emotet_exe_e4_d54070b0b5a697330cc4da2a712d3f299f4468dca0175b9bc426231ea82ceb6f_2021-12-25__000403.exe.dll,1
emotet_exe_e4_7b9411771c7dd51e84b9be71fb9cbe42ea9da534d8a3c61ba1992b7074995588_2021-12-25__000400.exe.dll,1
emotet_exe_e4_fe1efd91cb34539e73596f31ecfc5f4d8082e85548c8ed5bbcef90eb060a216b_2021-12-25__000401.exe.dll,1
emotet_exe_e4_60d1b4d97e79d3e0c06ab1296f552d6fd7999e3c02255d70349954abfd34a524_2021-12-25__000359.exe.dll,1
emotet_exe_e4_b2bd03106cf484e043b77f2331a503d474a7b75e0f41c3564c8da4cd038a21a5_2021-12-25__000359.exe.dll,1
emotet_exe_e4_e2d02ddcea53a61af2ead95c33b8d5f861d19a608bdc42beec14e326e9e9ce01_2021-12-25__000400.exe.dll,1
emotet_exe_e4_1e0eac8f6518dbcd6cd9c52acc913e02a4523b5a74080b8b59f2b65da6efe378_2021-12-24__190814.exe.dll,1
emotet_exe_e4_270e68fbc65528029cf856f30a730fd07c3b774715a5400dfcbc8997dc5ca2cc_2021-12-24__170417.exe.dll,1
emotet_exe_e4_5fb229924502d3c5fc2041b1c6d9bc688a446fffd68c16c24791127a0dce15c4_2021-12-24__163411.exe.dll,1
emotet_exe_e4_83690c2cc4b909b17fce5f0d06b6017c81c336173dd8c6b849b06a3c3c0ba473_2021-12-24__162553.exe.dll,1
emotet_exe_e4_83690c2cc4b909b17fce5f0d06b6017c81c336173dd8c6b849b06a3c3c0ba473_2021-12-24__162553.exe.dll,1
b19cafdf5c943b8c9d76f82dbc81de09.dll,1
51db260b621d2380e41a34c52307ead0.dll,1
emotet_exe_e4_1b413e32bd1293b9efa368ac9d344e2007c8cdee8c2d1748fcb193cfb79483e4_2021-12-24__142714.exe.dll,1
c6fabf08f1e56674f15c9206bb0cd417.dll,1
2ae2252d06a9d4a5ed751a221f625661.dll,1
5ff3303fab2bffbcf7062a4c1b039076.dll,1
da2561dffca0bb6e3457d2937ecadb98.dll,1
4f829b770e0d3d024e7bf35bb650d9e1.dll,1
0502634d94b508915a1d03951508a81f.dll,1
emotet_exe_e5_16b7d3346cfe5cdba43de67adc0495252e1abe053ccc93a06604b5e0817c524d_2021-12-24__134730.exe.dll,1
emotet_exe_e4_8784798dbddfb7c712b0336bdf3d7dd2c03c4e0f0fe44c51783321dbb6fe0cd3_2021-12-24__134113.exe.dll,1
emotet_exe_e4_3ef54d0b4ddae929dcea58be681402552563083a84ff4c71bd4ee21f4e6869ad_2021-12-24__134110.exe.dll,1
emotet_exe_e4_5656363529527938e25ed8f39e568b5ed241a25e124b4cdbd9170d103a4a5dd0_2021-12-24__134110.exe.dll,1
emotet_exe_e4_761f99ee9f3efb8fc11aff822ee30b8f6d7db09f4c38f4d60670c601307517d9_2021-12-24__134110.exe.dll,1
emotet_exe_e4_ae265469e957237bdefc756052fdf16a57b327df1c0e297af060a782151b0eb7_2021-12-24__134109.exe.dll,1
emotet_exe_e4_c521fe1757f1650ee0ebee5f40803b472645be5d079923ee31e9d06501f8b150_2021-12-24__134109.exe.dll,1
emotet_exe_e5_eab21c7b1a8d1cdd882f7353795fe03362a576f86839dcd6aad53e73c28f1ab4_2021-12-24__133838.exe.dll,1
mlbwnwvwxp.dll,1
b5055179d3096337ee8a59d012b693b98a06f1b74557aae4755d88e8f9c283bd.dll,1
acee2b2cb9f4394c301db32bc684b3f9.dll,1
4a517d64d90906bbc7347b47c703b594.dll,1
emotet_exe_e4_00df743c1f8431ddb0d35eed87882d6121bf937acc71288dde2317450d321e8a_2021-12-24__073153.exe.dll,1
e929890ba7708007e20c79e70d564737.dll,1
d876889aeaf582933d247631a761dd8a.dll,1
1158442168e2a84543170ef7b11bb173.dll,1
638cefb766dbe59a60678ef165e8da7e.dll,1
emotet_exe_e5_bd8f9a106ac22cf1fe69baeead4f6aa01d198d1e7c3709686aeee56cc493a3af_2021-12-24__020617.exe.dll,1
S0bv40qIFZYpb8iaD.dll,1
emotet_exe_e4_8874f368a3cd29ec95af2feecfd2cf571b82c8042871144b3b427b70fb81eda9_2021-12-23__223716.exe.dll,1
emotet_exe_e4_84cfb611b3903120fb8099e7cac330bbb552af453869c8eeaf7974dc33ba5ba6_2021-12-23__012450.exe.dll,1
emotet_exe_e4_b3cccf978d41845e15b0e8938515bbdc4eba70da648b350a5555d870d820cc4f_2021-12-23__012449.exe.dll,1
emotet_exe_e4_ca4b4dac04769d002cd9ec6f7869d113fbc130120aba5bdf820f59a2abaa4b23_2021-12-23__012449.exe.dll,1
emotet_exe_e4_19fd6c7fe3dc3bc7be63e3dc80a7a5e8c040bfafc7bb237ea2daca22f46eabe9_2021-12-23__012448.exe.dll,1
emotet_exe_e4_c761abfcbf836b5d0094436e35b8a2fb4e7368dcbee87eb839b7816082ef01b3_2021-12-23__000329.exe.dll,1
emotet_exe_e4_7dd56a2a94c2e4317b1f69c30e574b49f5c31c7290a066527550d314171fe2d7_2021-12-23__000326.exe.dll,1
emotet_exe_e4_a4828369444bb7e4927db2d4c2d970c73b0340cd0514a8e3df0f2284bbf7f394_2021-12-23__000326.exe.dll,1
emotet_exe_e4_f5fa225a72ad094aad7fd927350ee5e82b1d59bade7b675721a5098d339b1df2_2021-12-23__000326.exe.dll,1
gF1nMkOSsT0Jq.dll,1
7b1ac0fc818d26b974330fd924c54694.dll,1
7144caaaf0065f54a4815d728c55cba9.dll,1
16400ef0e53919fedb6487e9ac71a3b9.dll,1
8e7b3cffa88a4464f5d0dfe48a1a9735.dll,1
5f43f2f81ce561e8124d74dfdcab64f4.dll,1
6be6e9f4dcd6f8f255c10e0d506a7f0c.dll,1
65b106d017c9579518f9f22d79754d6c.dll,1
302be1a8ed3632a5a40cf099bce7c3a6.dll,1
253037ea971fe6bb4040d5e617de2559.dll,1
59d3a2e27a041c23f885c62c6602b269.dll,1
emotet_exe_e4_c5351a13e770f7990dca223748519da8e5a20177d1c4cf42b2145dcba27689cf_2021-12-22__185554.exe.dll,1
emotet_exe_e4_04e8e93229b914e3774cc8b66fc87d80f06c3a32424455b40e2df0c0883f58a7_2021-12-22__185552.exe.dll,1
emotet_exe_e4_502fbfad57477c1094942edfd4538eb2e8505c5f00c948b3db6b9f4468987926_2021-12-22__185551.exe.dll,1
emotet_exe_e4_5c8b363099e013644455537fcbe7c4daf6d2b3904a20d7ada96ebe4e2f289fc8_2021-12-22__185550.exe.dll,1
best.dll,1
4452b43a7577a465efce0e857e042148.dll,1
22abed69f363036641c17558facf1772f4e393204d5271412ee9ab1acf8b2ed0.dll,1
9174fc58c3d0de607623e49b7e20a6ef.dll,1
facccb00e4c8b77343db01b9cdbbf7bd.dll,1
8c8fd7c65fbada46a15857f047857880.dll,1
f3a2565e509a1afac5491d4b834dc03f.dll,1
0dbedb9bb42ff0d78d1ded9818ea30a5.dll,1
2e9745b42e527b57f01ca8a385891c49.dll,1
d85115e5e19270aa84ddaaabe1bfa66e.dll,1
9e42a9d5827b2ce10e1ed541600a5de0.dll,1
1fabbf281d4fbe7a78d67c2bd4e21e1c.dll,1
c3fb49e155597733aad957398825877c.dll,1
fe67b75d84001344e056f974bfa591ca.dll,1
7dcd48af5d099ec146d4b24a76ee5a85.dll,1
1d56896d667b5e78ddf02b13a775a29c.dll,1
d30c58324ce231b2198be661a2167a38.dll,1
ab0e9252a921d6d4f7bd074af5fb5593.dll,1
f7b13066a4a9d1362432f56cdfd657d0.dll,1
emotet_exe_e5_919a4ffe52984085022ea1c899acb266494042166ff7ebc3e6a6178c5ae1d0e9_2022-01-11__213243.exe.dll,1
emotet_exe_e5_9a5a5e08e6ec0c25d159a5923f4892836d1f5e5be8dc38eb130e264887ab561c_2022-01-11__213244.exe.dll,1
emotet_exe_e4_a297830bd38cf0c467391e2e9fdc280a0be7e8520c7e4691ff52b94356af962a_2022-01-11__172812.exe.dll,1
emotet_exe_e4_eb8b8628e2e322b13ae80958f45dc685c9d91a49d793da3420c4cd66c97dc5da_2022-01-11__172811.exe.dll,1
emotet_exe_e4_f8221c3251a9c8c0501b2ccf05659a7359259dd3928cc8a0bcfc7365bc5fdead_2022-01-11__172809.exe.dll,1
emotet_exe_e4_b6459caf71d569d3ac13465a1e5745caa86df83cc6f35c708c9a96724ae5cb22_2022-01-11__170925.exe.dll,1
adi.ocx.dll,1
emotet_exe_e4_ec84334055be15cc3014555be41de6ad683097fb7c8eeb7db5f645857f0ed7b4_2022-01-11__151729.exe.dll,1
emotet_exe_e4_28ef61ea2ad24961e3e8913ee3554b7c4d112fd35adacd105cce21c830ba80e8_2022-01-11__151727.exe.dll,1
emotet_exe_e4_7e0172d73663b331fa023b223db1521ba22f55aee3cecd2aede5912d1e50e550_2022-01-11__151726.exe.dll,1
triage_dropped_file.dll,1
DXqw.dll,1
b8f2300dfb392f69b64b64fef3133895d2f6fe3ef984d03d6b5a57e40a299a7c.dll,1
90yjshRf.dll,1
zd6.dll,1
Y84.dll,1
E655dlGqlR.dll,1
U8vxsMaBZeEP5.dll,1
kAme6q22tYuSegB46.dll,1
Aef4oRZJKQqUf.dll,1
Cz3ILXZKsyxJ0RF.dll,1
5e424a0ccb147708122b51847ca02faf.dll,1
f71bb811e97c1c69bba5f8c99697fa42.dll,1
8ae56c5aa9a66c66842a7ddd7b8088e5.dll,1
emotet_exe_e4_11cb259fe1888fdba53dda7308ac9dcfa09a5c3c83218e394bb0e460b8e6bc21_2022-01-11__111055.exe.dll,1
emotet_exe_e4_20f097ac651b1fe7ad2be316c67aabc7d4d4cf96c189fefa5da66407318d3e69_2022-01-11__111057.exe.dll,1
emotet_exe_e4_dbd536de5abb1b608dea6809983289d533a97ab9a5bb91a2622d8fd984c17d1b_2022-01-11__111057.exe.dll,1
emotet_exe_e4_6987a6d4cd7eecb44d08d46048572ca956e2ee7710f6c90a253b60a2caa337bb_2022-01-11__111054.exe.dll,1
CcU.dll,1
emotet_exe_e4_3891ca76801427318a645b7f7192a8570eb683c45b618aab10769157938caaec_2022-01-11__110108.exe.dll,1
Ky3yMt0tD3EDL.dll,1
emotet_exe_e4_9dca3026fdf783984fb326780735f3dad0909fbc31b5c8eea890afbd5449be9b_2022-01-11__102131.exe.dll,1
emotet_exe_e4_a1a3bae1691c0f4e9f29602b135740365c24667755304bb872e10a41d80f9183_2022-01-11__102131.exe.dll,1
emotet_exe_e4_be990c890153cd7a8d1df020d90e5b94e52f0637e676c77b42f1acd08935ed7d_2022-01-11__102132.exe.dll,1
ww2ZLmfWGA.dll,1
Qxkwioa.dll,1
primordial.der.dll,1
c7.dll,1
4533e928aa71c4db48a5d664cc937346.dll,1
navlu.dll,1
63c22ce32346e029fa5a1ec1ae619d0f.dll,1
Pv3ZsGsdfS.dll,1
SecuriteInfo.com.Suspicious.Win32.Save.a.29822.32627.dll,1
1.png.dll,1
2.png.dll,1
key.txt.dll,1
expiro2.bin.dll,1
#SysJoker.bin.dll,1
#TokyoX #RAT #PlugX.sample.dll,1
XmlFieldOrderOpti.dll,1
paradise_1.dll,1
co1if5zh.bin.dll,1
ckoikaw.dll,1
4a843cec82d350fe81db4cfbe43ee13dd69584a2031f362d523ac0ebc08a0fa9.bin.dll,1
winupdate32.log.dll,1
winupdate32_3.log.dll,1
Qxkwioa.dll,1
payload.dat.dll,1
e231da087aae05ef16c8dae0030b6490.dll,1
Se23ydllT7.dll,1
kgheowd.dll,1
29ab0dd1ecd81ef53162bc8d991b18113eac17f876cac17ffc301e589030f9a2.dll,1
8ad652ed5304408015e65d5ab8ecf65fecf8f00c1e5eb97606bd01d6031f5418.dll,1
73e4969db4253f9aeb2cbc7462376fb7e26cc4bb5bd23b82e2af0eaaf5ae66a8.dll,1
53214f4721ef1221632de09fd853580056811ac6632b517d77fb326956129530.dll,1
f56dd857614db24e125793c495809531c48684fa24f85ebb03bd35a085d85372.dll,1
4964372174173310.dll,1
5106458742073840.dll,1
8405368103613610.dll,1
5318091499850930.dll,1
7023284336755930.dll,1
1093772995840820.dll,1
9677072497008720.dll,1
8577459255487230.dll,1
5809054075636900.dll,1
8428295950978250.dll,1
636409295033921.dll,1
6038415152060810.dll,1
2663823750648860.dll,1
38659570860209.dll,1
5787148916358400.dll,1
4702458174325260.dll,1
208730741222178.dll,1
8306085086025520.dll,1
8355762613218540.dll,1
4169688585090500.dll,1
4172698706171980.dll,1
2670183406071970.dll,1
2663823750648860.dll,1
38659570860209.dll,1
4816389004812480.dll,1
2381223500691860.dll,1
1496668338936490.dll,1
4169688585090500.dll,1
triage_dropped_file.dll,1
SecuriteInfo.com.W32.AIDetect.malware2.10228.10333.dll,1
SecuriteInfo.com.W32.AIDetect.malware2.28165.16859.dll,1
SecuriteInfo.com.ML.PE-A+Troj.Dridex-AJA.19171.1119.dll,1
SecuriteInfo.com.ML.PE-A+Troj.Dridex-AJA.26363.7122.dll,1
SecuriteInfo.com.W32.AIDetect.malware1.16860.28363.dll,1
SecuriteInfo.com.W32.AIDetect.malware1.22486.11418.dll,1
SecuriteInfo.com.W32.AIDetect.malware1.4497.31777.dll,1
SecuriteInfo.com.W32.AIDetect.malware2.6729.19086.dll,1
SecuriteInfo.com.W32.AIDetect.malware1.22789.30167.dll,1
SecuriteInfo.com.W32.AIDetect.malware2.6935.4744.dll,1
SecuriteInfo.com.BehavesLike.Win32.Drixed.hc.18811.26904.dll,1
SecuriteInfo.com.W32.AIDetect.malware1.20482.13915.dll,1
SecuriteInfo.com.W32.AIDetect.malware1.24851.13321.dll,1
SecuriteInfo.com.W32.AIDetect.malware1.31779.4161.dll,1
SecuriteInfo.com.W32.AIDetect.malware1.26959.155.dll,1
SecuriteInfo.com.W32.AIDetect.malware1.25234.6299.dll,1
SecuriteInfo.com.W32.AIDetect.malware1.26189.2005.dll,1
SecuriteInfo.com.W32.AIDetect.malware1.4295.1397.dll,1
SecuriteInfo.com.W32.AIDetect.malware1.23460.908.dll,1
SecuriteInfo.com.W32.AIDetect.malware1.23460.908.dll,1
SecuriteInfo.com.W32.AIDetect.malware1.26365.29293.dll,1
SecuriteInfo.com.BehavesLike.Win32.Drixed.hc.23689.21492.dll,1
SecuriteInfo.com.BehavesLike.Win32.Drixed.hc.23689.21492.dll,1
4936cf3cf44a80966e33629ea7656993dfb3e9fc371d1ce24be66d84fb5085d8.dll,1
0b7cdcbfe986f4542ebc4bf1cb8fef0f.dll,1
ReMxcvxKeOzodickpenis.bin.dll,1
c5b456ade77af6125a2c002c0c41f7d757e970250e4a9e472b1fa8489f26869b.dll,1
88902dbfead91e58e427308d0a4ab5c936b1c54d31d926ae99cd1642cd6a4bbc.dll,1
87e2dad373f75f5c0a200821523aebe45f6f4103b51fb0155ed2bf060ec50b04.dll,1
8179bc64652d44d11b75f64430faa3bf9ebb6a4086af14ee4018b8bf36e685a3.dll,1
529a5bd3d20b261adf861d16181308f6ba1c78954a06ac81c03a14ca91b927dd.dll,1
4d62e3327b3a0440069f61c89524c4af3af7a9aec9c0664465c6c1f4650fe77b.dll,1
f9c89d9fedc27f2af79185065a7b2b98512ed8763b50f0fbd4af59ee36ab611e.dll,1
7249ce3d04df4431c89afca3e3ffbc8e54f0cb820b6d04f602e346eb2b97210c.dll,1
634e08b7594849fcd37698e668e7c3bcc8aa5af3cc1dac488bdb19c722a6bce0.dll,1
6805b96efa556df82f22e5c3a426f9d6040949dbf0c3c6fb489c2812464aa6b6.dll,1
5b17007c41438abd1b60bc84b2f3fdacd6ce2f42c54e14f8ca97466650c1a2a3.dll,1
529c9b5c88f66076ffdc00eaacc1cf1f775cae07888c80e249d33cf85c81b1e4.dll,1
2cf9c537591df06f023bbf8cbb88a030d8ab85fd995c302867d0514e5606b234.dll,1
1f3a2c7c9734887bedb5dfe5b1d47104.dll,1
ed7f98ceb5ca1cae696ec20f385e4214.dll,1
5dbf4739faa115f38d7eaddabac590e9.dll,1
a31bb6b7efb897b15cd18d6f6bce7ff8.dll,1
d835a0bf87cb673eea0527aaadbc258f.dll,1
1e471adbfda5d6576ed8a6f4a3c91991.dll,1
aa0ffec1cd9b4482262af7a9627dea44.dll,1
9544eb3037edadd82bd4c0445fbac415.dll,1
3e17c7d3afa01e26d7f56215da2472ed.dll,1
b137b50ef0d06ea953172d006d5d2073.dll,1
15adca387d05cbd54b42767126ca8548.dll,1
48773854152142e74bc51a76e53daea9.dll,1
5046d830d8506f9c454d1ebccc27420c.dll,1
45be8b7a05da8ae8e79ce66ef3344c71.dll,1
2af8d90b7f3fac6170869de920b2df72.dll,1
06fe91407e47dc06a5fe03a75b23f95c.dll,1
88f2bd5573440338010b5a03e7796125.dll,1
7c2077cb1fb92ca6e5730fd5f371e884.dll,1
5cce271609dd33ac0cd60fa36e631460.dll,1
c43a0c261b885bcdd2077d15f97bd571.dll,1
11d52c5c4588cc43842dca09a21f1eb6.dll,1
7223405e1c7c78d69d287dd2a50250ef.dll,1
9a1fd1f21dc93e8f197a2cfacb3ef491.dll,1
9d4118503097a4eae0653da1a787d030.dll,1
3b0d3743faf701b70618a171d63d92ee.dll,1
6109f9101e44522ad177f861d780cfaa.dll,1
2c72032fa31506ccdca8812baa524300.dll,1
90c3ad4c45344f432c089b4d544a7ca4.dll,1
f4722985d67aea925ddf2d1fa233c288.dll,1
cc810495ba0d64d3b6081d6006607bc2.dll,1
a6d88fcc61ecbdc52470006b5a9afca3.dll,1
1eb320594f3068a85f3f207d46917950.dll,1
bba3450fe0a67a95d8bbd4b736face4f.dll,1
5de161f52f3a533504071ff38ad053d6.dll,1
63af34692995724a2990fa19a96a593d.dll,1
22b138297ad3305c195801ce9e159b10.dll,1
bd0b3ed1142900c07373c2e3926e52d1.dll,1
5829a54f6e5037fe316954fde0187e7e.dll,1
e2ed08002db901030f341b022ad468ec.dll,1
08ebfce10a877afe934a6dc03d58ec7e.dll,1
3bcd371a9fb45f9f37c70592cb7d3bc7.dll,1
2244cac9d905d4fc819116ba4289da7c.dll,1
74870d1bd01a7426cdb048939f4fb4ec.dll,1
4139e84d22c892452711f8af0d290776.dll,1
9932b36a221f837a8df23a3efdad006a.dll,1
dca7e5eee5f29e8051b7b6f7e663fcfb.dll,1
a8310b450f4be0f4d873d743f4e1b902.dll,1
77fae27cb7b11ca73021bfcf80a37c90.dll,1
42667a37b39622294a468e6b220cc697.dll,1
915aafdf0d410067666248efe8df8fcf.dll,1
2b6ce28212a1a375a1bf6d2c3b2c13f9.dll,1
546fa546e63c233d7c81eae2c1b5e91f.dll,1
2f6a59bdf698d024b0cb86a1418c51f4.dll,1
99d23498d1b6f844badb8bbe01ff94a3.dll,1
cd04d95724e0386825671d409d9e9bf6.dll,1
c651c337470e04253478e6b4e1b314b1.dll,1
eb46c30decfae15ebe9b449b13bb31b0.dll,1
440a9229ffbc45acd5d2d43c32d0d735.dll,1
b0877cc00df183d2fe503e3e23c25f7b.dll,1
d1fadaa793fc8d1f4c7658d636606eaa.dll,1
1f3a2c7c9734887bedb5dfe5b1d47104.dll,1
ed7f98ceb5ca1cae696ec20f385e4214.dll,1
5dbf4739faa115f38d7eaddabac590e9.dll,1
a31bb6b7efb897b15cd18d6f6bce7ff8.dll,1
d835a0bf87cb673eea0527aaadbc258f.dll,1
1e471adbfda5d6576ed8a6f4a3c91991.dll,1
aa0ffec1cd9b4482262af7a9627dea44.dll,1
9544eb3037edadd82bd4c0445fbac415.dll,1
3e17c7d3afa01e26d7f56215da2472ed.dll,1
b137b50ef0d06ea953172d006d5d2073.dll,1
15adca387d05cbd54b42767126ca8548.dll,1
48773854152142e74bc51a76e53daea9.dll,1
5046d830d8506f9c454d1ebccc27420c.dll,1
45be8b7a05da8ae8e79ce66ef3344c71.dll,1
2af8d90b7f3fac6170869de920b2df72.dll,1
06fe91407e47dc06a5fe03a75b23f95c.dll,1
88f2bd5573440338010b5a03e7796125.dll,1
7c2077cb1fb92ca6e5730fd5f371e884.dll,1
5cce271609dd33ac0cd60fa36e631460.dll,1
c43a0c261b885bcdd2077d15f97bd571.dll,1
11d52c5c4588cc43842dca09a21f1eb6.dll,1
7223405e1c7c78d69d287dd2a50250ef.dll,1
9a1fd1f21dc93e8f197a2cfacb3ef491.dll,1
9d4118503097a4eae0653da1a787d030.dll,1
3b0d3743faf701b70618a171d63d92ee.dll,1
6109f9101e44522ad177f861d780cfaa.dll,1
2c72032fa31506ccdca8812baa524300.dll,1
90c3ad4c45344f432c089b4d544a7ca4.dll,1
f4722985d67aea925ddf2d1fa233c288.dll,1
cc810495ba0d64d3b6081d6006607bc2.dll,1
a6d88fcc61ecbdc52470006b5a9afca3.dll,1
1eb320594f3068a85f3f207d46917950.dll,1
bba3450fe0a67a95d8bbd4b736face4f.dll,1
5de161f52f3a533504071ff38ad053d6.dll,1
63af34692995724a2990fa19a96a593d.dll,1
22b138297ad3305c195801ce9e159b10.dll,1
bd0b3ed1142900c07373c2e3926e52d1.dll,1
5829a54f6e5037fe316954fde0187e7e.dll,1
e2ed08002db901030f341b022ad468ec.dll,1
08ebfce10a877afe934a6dc03d58ec7e.dll,1
3bcd371a9fb45f9f37c70592cb7d3bc7.dll,1
2244cac9d905d4fc819116ba4289da7c.dll,1
74870d1bd01a7426cdb048939f4fb4ec.dll,1
4139e84d22c892452711f8af0d290776.dll,1
9932b36a221f837a8df23a3efdad006a.dll,1
dca7e5eee5f29e8051b7b6f7e663fcfb.dll,1
a8310b450f4be0f4d873d743f4e1b902.dll,1
77fae27cb7b11ca73021bfcf80a37c90.dll,1
42667a37b39622294a468e6b220cc697.dll,1
915aafdf0d410067666248efe8df8fcf.dll,1
2b6ce28212a1a375a1bf6d2c3b2c13f9.dll,1
546fa546e63c233d7c81eae2c1b5e91f.dll,1
2f6a59bdf698d024b0cb86a1418c51f4.dll,1
99d23498d1b6f844badb8bbe01ff94a3.dll,1
cd04d95724e0386825671d409d9e9bf6.dll,1
c651c337470e04253478e6b4e1b314b1.dll,1
eb46c30decfae15ebe9b449b13bb31b0.dll,1
440a9229ffbc45acd5d2d43c32d0d735.dll,1
b0877cc00df183d2fe503e3e23c25f7b.dll,1
d1fadaa793fc8d1f4c7658d636606eaa.dll,1
local.dll,1
107729532.dat.dll,1
f0bc0c1e4c8b5b546a8beffd10e8b2899c7d522621d4cc0d1d232d85a74f58f5.dll,1
a8e8f83493d04ac9748183114752fe851acad18a00566bd48c57d1cbe9eebb51.dll,1
9c06f77d7a0dda6a4be399e69344e0583fc854db449b9f85333261518946f910.dll,1
019338921.dll,1
1897717495.dat.dll,1
511122252.dat.dll,1
palerma3.dll,1
y3036.tmp.dll,1
y31FF.tmp.dll,1
y5CAB.tmp.dll,1
INETCFG(1).dll,1
wwlib.dll,1
INETCFG.dll,1
fb5a0ce5cb7c0a016bf0a56c7c600080.dll,1
629f0b8763fbe.dll,1
297b2e3e3f2299bfa601531eaf59bf77.dll,1
52e5e8bc194c35440e1cf732e9821114.dll,1
emotet-unpacked.dll,1
3ab05d2db1670a6d2e615c98db0287a11bccfad44d5e9b34ce9afc63af27edf0.dll,1
output.dll,1
M.png.dll,1
207a6b7e4cb4a4377a1a7d6ad68c5925ba650951eae19c4bced14060beb0152e.dll,1
SecuriteInfo.com.Variant.Cerbu.119923.4491.6106.dll,1
ShellRunDllVb.dll,1
49c0e1398dec485cc011ec08016850be.dll,1
ef4f52b03bd187412309950498223df7.dll,1
SecuriteInfo.com.Heur.12436.12348.dll,1
9066cb945a95ee185f54444dc1242484,1
SecuriteInfo.com.Trojan.GenericKD.49011365.32525.28257.dll,1
uhwa1.ocx.dll,1
faceppapi.dll,1
6611768442d9a23a18f9c7ced9c3c7e76cc99ea2bd233738b2b7a3c7dfc1b6b2.dll,1
SecuriteInfo.com.Trojan.Malware.300983.susgen.19654.5523.dll,1
6370000.dll,1
6180000.dll,1
06.dll,1
b3bd87675237ab23fd30b159617ce786b124cfd38fe88c664610bdd14163e957.dll,1
58c852a11d0370c798716f7868260c83cb8c0a22c30b4ddaef03578b41ae6c56.dll,1
9459eddbd12ef1f31ac2ac94c546b3c80aeff3e8e1fa8179afc45df91e1267ba.dll,1
AQ.png.dll,1
whichABy.jpg.dll,1
oneButWhen.dat.dll,1
7087cc5ff3945abbdd2d0ae86f51c7dc44482bd2ebe2b8d2092accdc340f880a.dll,1
pkmcntrs.dll,1
33667344.DLL,1
5343f42db6381300f2c970f86feaa7f4.dll,1
2.dll,1
newTheir.jpg.dll,1
d0bb7393d1cc7cc658ab09c32f604a3ad49800145a66b82f285537041f87f8dd.dll,1
6.dll,1
221200e48284c73759bdae363257c3f4.dll,1
3a5a261f81f790e5097be69c0bd7570ebf444fb2389abe8c14ef274602f731cb.dll,1
5.dll,1
GoHomePlease.jpg.dll,1
theyOneAs.png.dll,1
sctm1.ocx.dll,1
14f2c0fd221224446da0e92b11a689fd9c3f4c5141960d088b1f9ad30446067a.dll,1
ccf95de6f941a75faabd9a7b23793ba65fdef54663c907e47e8e206c5cd0f371.dll,1
7.dll,1
phdg4.ocx.dll,1
862e22c2c3fad4741c689f93686cec6d.dll,1
62bc19db957d8.dll,1
e16fcdf5858d1b5b32378930396a68ef.dll,1
SecuriteInfo.com.Generic.Cryptor.X.E2AE8007.47.29652.dll,1
SecuriteInfo.com.Generic.Cryptor.X.B5571412.8386.1784.dll,1
D2.png.dll,1
85ED005F0AD25BD2B16F4A3958AC67EF.dll,1
3.dll,1
justHow[1].dat.dll,1
StayAWhileAndListen.dat.dll,1
twoThisThink.dat.dll,1
HTMLSmugglingAgainAlltheRage.dat.dll,1
e0dd63dabea7e6cf931c1739d1f12ffcc9f58af63c3be847c60d60f872db3eb5.dll,1
1.dll,1
3NFMOK3_r5dtvzqszgDV5mTgB-061LPU9tYDvork2S0.bin.dll,1
0612366f50e8f07f6f16b534f99a404262cdb39e41120d9e48b683a2a983168e.dll,1
206.png.dll,1
984374.dll,1
areYouOutThereMan.dat.dll,1
c9f7248e64b531031822e3cda468bf52fcfe169ad15d7d8ddf379cb27ad8b63b.dll,1
myfileL.dll,1
00ab30124e31a5b661281c467d3a47ea92651726b42e6f76e890a654ff0eee94.dll,1
52e8eb27d5279cd6cc89bfd6d0f2d7399037036f1e2948f38ccc06bbdc454023.dll,1
8c8a941a1c8fee01bca247694873e79afc913a3ead7924597a5b93a0c354f490.dll,1
nbigdxqqfu.ncy.dll,1
fbo3xfp9z41vwe0tzc0jd.dll,1
pwkxmpqtpc.vjr.dll,1
f729294b309a1f8ff9eb4ffd7d0840873c1046f461158c038a8ae17bb93b2b0f.dll,1
a35627e7bfef5f0ea0afa728c778f31a992ae22d23a6a103e2f1732807e0f9a1.dll,1
7bf63254f4d2734ec92ca308cb90afcdde6921d4c256ee181917fdc32d7b33bf.dll,1
197.jpg.dll,1
auth.aspx.dll,1
768327532892733679.dll,1
80b90884283a2fec755d89591baf45cedf263dc46bae2996ccfc1ca99019f1d9.dll,1
1398420ff22398bfbd5dd3a9b0732d01de5d61eae73d9eecf3219487ec735332.dll,1
dcb01277bf2d496b06fcc0e8f34f6a1cab5d890bc9cc117421d4e92c968c70dc.dll,1
lol.dll,1
bassflac.dll,1
f38dbf34826c26bccc747f50a46cd7fc.dll,1
SecuriteInfo.com.Trojan.GenericKDZ.88912.32719.2962.dll,1
alsoAndWell.dat.dll,1
47294.dat.dll,1
justI.dat.dll,1
b4e35341633082e70253b945cafb08df.dll,1
272.png.dll,1
07c6b6453907697a5832f5ef5b99dda2180b9f5fd4fee7ba8f64bab637db8fb1.dll,1
J.png.dll,1
oOoOo.dat.dll,1
4MQpg5y3GNUk.dll,1
198569.dat.dll,1
D5755ED76CF2ACCD1E0A164877E72A9C568375AB9800F.dll,1
5F680F21F56A020F344352AEFB59D2598ECB111DCA0F7.dll,1
038ECFBC76F8586E58F9F4AF029C7D7B667DF054C6B560CBBCD52D482C1AC8BE.dll,1
2440BCFC9D60EE999043CB9D569F64770BB2F34C7B306.dll,1
bd68ecd681b844232f050c21c1ea914590351ef64e889d8ef37ea63bd9e2a2ec.dll,1
158c187328cc74a62e49ee95380f6df1a33b865bc010076af7dbc3256660061d.dll,1
51ab7bee5c23093e4eed61629dd74f22.dll,1
344351.dat.dll,1
InJsENfl3n5yaVoMLvUwEhzAj3dNRc88.dll,1
arEMGu6KWzhniYMNILQwXBCuekA8AI.dll,1
meHow.dat.dll,1
304851.dat.dll,1
youUp.dat.dll,1
GKzrU2mj66V5BcD5BkcXjuzTxQ.dll,1
057e85ae8e4bac4927d6b0c0d5c11b90.dll,1
304851.dat.dll,1
180272.dat.dll,1
J.png.dll,1
ZceT7FBt5CGXbGYcZZisjelxxPLLeF7Ga.dlll,1
VZDryRh7BmBjyM0IaO.dlll,1
qdgpt7oW3PAAOPKXAX2C9rrsw.dlll,1
gF90yp9rMsP7cDhC6jSlXJzYybS5.dlll,1
58ywkCFNLuReoU5tcydLCs0.dlll,1
sol3nia.dll,1
67e1aae48afbbd3355bc2a4c1ffd37226f8fd4bad214287780d81da203358bb5.dll,1
82c58f8d25cd3a0ee44fb0f8f231fef05ec9c26501136fe54d2c80f58e51e211.dll,1
6ad0e624a0fb43586c708f6811f91c83517b0ace8e3de63914a42304f2b2e674.dll,1
ClosingTime.dat.dll,1
1.jpg.dll,1
keepingitreal.dat.dll,1
twoOtherThen.dat.dll,1
C.png.dll,1
CrashRpt.dll,1
da.dll,1
287ddedfcb39643d7fbab51a5ddee0a72a2cccef7d458683961e985bd5cd523a.dll,1
0u6CdBq63byxn5zVT.dll,1
91E7C5079D763E383AEB9CCB9D9247B3FA9B7BCBB9B25.dll,1
247eb6aeb8411cd02baa258a26a4d1e4.dll,1
00dd6aeb15e617e9c1fab4eecaa847c6.dll,1
3d484699be6b28b0edd4a3e55647beff.dll,1
142a3728163f77b549c0fc8d992f174f.dll,1
a01e5634a7dd6a4f3e48c002d0932f588892b89aa2d8dc1d99eefcdf5f76724f.dll,1
SecuriteInfo.com.Heur.Corrupt.PE@1z141z3.30405.27482.dll,1
34585418e4d323e05731edd1d0dbd4fe.dll,1
dayThem.png.dll,1
shePeopleThey.jpg.dll,1
giveOutThe.jpg.dll,1
e9a4c6f03a0b60609e68db5140ee36b667d2d5dd413bc3f4724da3cb6ece3199,1
A.png.dll,1
6ad3e870d4b1215487c056485dce91cd0bc68d429a00af03aa1b09bb5372b35d.dll,1
A.dll,1
Binary.adalats.dll,1
38a12269557615ff1a79f306e3d2de1aefc320522ff97de42d2020d0dbda95ae.dll,1
gcpfqzsczq.dop.dll,1
df06139956902f92d4803853dc4c30ef44ed6c31ff996b189d2976b53fc6b42f.dll,1
4cdcf664de0ace0fc4b87e0bca9af9bf2cc65d2d3449ea747aa33f0a4c05b638.dll,1
anything191.dat.dll,1
44bdae52d35b3dc5644b720afd53c6103676bab778c1af1230f5c58e1dde445d.dll,1
191.dat.dll,1
D.png.dll,1
D.dll,1
runpe.dll,1
W.png.dll,1
W.dll,1
c0b483db178c827da049412903494593c97d8aab30035dd39b65c9618157726b.dll,1
obama190.dat.dll,1
200.dat.dll,1
1900.dat.dll,1
190.dat.dll,1
q.png.dll,1
q.dll,1
soylH5eSmexn5ikCeCwwO15o8sSV5STiJ.dll,1
a36c0298f193030753cdadef0a7f78afb02f25244d6ef552bd4afaa4550a8254.dll,1
19533bf0ecccd56fefb33af9f4ba7d8b3a11046b9b0e88d3671a2a2653ae619c.dll,1
965662b53daca6f13d41aec9704e24ae.dll,1
8ee191b51b853addc862307c8f641bd251a8b7dd88263d228453bb06882f2464.dll,1
SecuriteInfo.com.Variant.Tedy.107534.25952.26576.dll,1
244335499.exe.vir.dll,1
4a68f0ad3c0758aeae9675c4b62260922a0f09cdfd5721bfd25fbf12b00db614.dll,1
7396a9044c686124956620492341842b2c4a1eb722273cd07c7b5e40d0f9bc1d.dll,1
dll.bin.dll,1
5bdf6e861d6fd24ad3edb64908691111.dll,1
IObitUnlocker.dll,1
SecuriteInfo.com.Trojan.Packed2.42880.25221.21595.dll,1
SecuriteInfo.com.Trojan.Packed2.42870.5743.8847.dll,1
ccce5cf6341443605451d0b4a722a337b7a8c28087e2b473088728705dee9c3e.dll,1
c52c6bea91aab8d2d8e3f51cb0a25d67.dll,1
c3b5e0562a3128c8eb6dea414fdc03c8.dll,1
c2d755858109c26566f7efcc2929201b.dll,1
bef20fd6573c02bcb136974048c6e173.dll,1
bd6fe020978760b10f421f510a18d594.dll,1
b353dbcf3117f1893de7c1fca72c33ac.dll,1
ae2f56a6fd53d37505478c6ea87ee439.dll,1
abbf5df1f6a680d39d9a1ca29c1173da.dll,1
a8e776bc7419b94ffe5ae95baa1d78c0.dll,1
97c5190f20629f5fd8afc4679f06dd34.dll,1
93c79a52dcd665ff1f23a5a600bd5a8c.dll,1
8c7d1386ae24574bf5c386152566fa2b.dll,1
8c739f87bab9691cf57a45d41f49690a.dll,1
822f75a31d5fa24baa7b24e59e5b67db.dll,1
7e17e485a26a60f785dbf9bd995a493d.dll,1
x86.nls.dll,1
338ca2caf408cc1236c1ff3885cb2f6a.dll,1
27c3a69bbfad78c349273e0dce63af78.dll,1
704d2f69a0cd99614ee255f77b47a684.dll,1
577a83d90fd21de086d3fbbda4e716e5.dll,1
68574fd46b76670ede15f01675771e7e.dll,1
3d4f3b34d781f4f413863dc0d31192dc.dll,1
558e7d427b606704a3e0a52241bf6d5b.dll,1
5557efdd09406fc193c291442e93dc43.dll,1
537e11986f211a2572275c25df67469d.dll,1
373662d4a9ceae81852102dfccbc229b.dll,1
37d2c5a94fca4a9a8eeec59289d835d3.dll,1
31e0e991526f066d67eaf3a0768bc67b.dll,1
1f28f3a9c269a54028d12112a8d27f83.dll,1
166d18cb1c39b92660a60c27b37598c6.dll,1
6c28c703f185aa4d626a1523b03c2893d6401e24b52a4081d2624cad9932d405.dll,1
c4500ad141c595d83f8dba52fa7a1456959fb0bc2ee6b0d0f687336f51e1c14e.dll,1
SecuriteInfo.com.W32.HfsAutoB..11025.8987.dll,1
PYTHON22.dll,1
e219ecf2e7188e938a9bf0fba14617a311f6a834d9e0590de0f5f46cb88f8ffc.dll,1
auth.aspx.dll,1
4f5383be8c6a3d52baaf771ba3d8405cb18e86edc1f8adcac6a3c24130cf7362.dll,1
yAABA.tmp.bin.dll,1
77ce635ba7fb55f0c844077fee828ce7.dll,1
bb8036fdc87a956ceff1081457683a4fb99ae98298727bcdb6b3192cc99c6a25.dll,1
main.dll,1
68e20d668c488ab3f988640f942ff519681e5c004ca9ce91c6e5fd2f6ec7ffa5.dll,1
cob_220_443 .dll,1
cob_220_443 (1).dll,1
cob_220_443 (2).dll,1
Satellite.exe.dll,1
SkinBase.dll,1
PYTHON22.dll,1
4ac29e400c0ab52f76ba7bb9589e1a08595da9ca4d6b39172ec1480227e818ab.dll,1
3ef4bced70264a740de7115e3e9081c7.dll,1
c20886a70c9ca1f5e2cfb1ea240ad725.dll,1
609b01c1f057afad4194ec4476dcaff4.dll,1
CE310C6DE8B59C909F2726EB6D4D29E6D36BEE1C7DC0D.dll,1
3203.dll,1
libintl3.dll,1
PYTHON21.dll,1
15062022.dat.dll,1
Async.dll,1
dropper_patched.dll,1
kwgpzy4d.dll,1
0x0006000000022ecf-149.dat.dll,1
114e8047febef0d5c677c54b86c69335.dll,1
EWw.png.dll,1
e598250a3c09c9e482f684982ed118a537a70d1a0cb679538d850cf83e1ea7c2.dll,1
d6b51008ff4ed381e42dcb8c749829ef3d9a58e1b6b728e93e55f875f49033ed.dll,1
ce23ef2534dbf114b7413704876689c7ac867e8cdd01dcbfae4d015d50312669.dll,1
b8661d966a4de2c99b57cabb6eb4f36bce7c3ae93bcf1f5ee2064fc7bc1cdebd.dll,1
aef97c1a39641ff5f678aefb99e09ca820756c92a393774be6630fc9f215f734.dll,1
a3d869b8849cca091409a7a25624dc18810085513ad6d4bfcba1a871a37955e5.dll,1
47baa5db9f98dbc1f841f533194f90a0686a835d40766932f2ade45d74237366.dll,1
13e6aeaf6c230d1c8bf2df160909863fdb61d04953ffdbba207d622a31493f1e.dll,1
7bba3f21abc97763a4e1c0023cc8ffef786929885bc4a77cba98a9268e31eb85.dll,1
5a89d1efed9abb84e3193b5bc117e773d4d68877a03e913601d9dfce28b05699.dll,1
4d54a1c5c3728f8084f2c10b862fa05d6f2c463696c9a988e86260b426eddd76.dll,1
1b051fe4bc3287f3db89b731ccab8d453608fa91ae9763804440f670ece181c5.dll,1
0d567925c3ac4e04e2f07d07fc6441dcd3fcf3d07f54de3ef872eadbe931cb63.dll,1
04447a2725f293f8a9746b0db58fa832.dll,1
SecuriteInfo.com.Malware.Heuristic.1003.27460.4520.dll,1
62a8495f3b293.dll,1
D2.png.dll,1
eiqcu.dll,1
5aab69c536521cc7d395182eb97633910f179bd01bfa791af6afc2e2b7f9e4a1.dll,1
eec850fe0c42b18365feb4adf947616c594da1e2ebb48ef47a9b1f071077eed5.dll,1
14300f78dbd12b3a88178a5b0b0c0af76ef0158a4cd95fdc1cfd9dc72f2b8dea.dll,1
quakbot189.dat.dll,1
999999999.dat.dll,1
1337.dat.dll,1
20143.dat.dll,1
cwcpKG7q.dll,1
9b77f1761b4997d6fbf3a8318a4c2bcbc03c618d4ebc87fab9629361c0f3ca00.dll,1
d1fd5c38787affe3b1a09039baff4f4be3a8a7045927fd32536db3310a886b0c.dll,1
BvFdY2YcnzM7Cx1-rRkiVlvgzwLpQYDpzw__.dll,1
Mysql_mix.dll,1
05-26-2022_254_pdf.zip.dll,1
anything.dat.dll,1
QUAKQUAK.dat.dll,1
wibble.dat.dll,1
crackbot.dat.dll,1
emotetpacked.dll,1
384b53b95d242c4fa72c3133e51f895c1a7091e76933fa64a8cde9a3d7b4c3b8.dll,1
8dfae643351f050a8679933e2777f9f499f1cbf467c30c49aa6a96614f2cef59.dll,1
124edd0f1a21ff9c888d0a5335658449a7edf4fa94e15467d891517701d40c15.dll,1
c45c0a75b482ae7a12ea2deb21ed4838a463ec89f373ac03b4d988c5c4fb34fc.dll,1
9075cfb0af23c680efc552a226ac48a6b907d5eef8aa50485bc5996cdb548495.dll,1
8d705dcd0ae231b77f5079df18049f76848613c41a45d8f54015b40cf65aebeb.dll,1
2cfc8d4451ee18c1777057dc38a6aab2.dll,1
9a5ce036fe61f16225a20172a309e659.dll,1
0401ddd56ea19cfa5bbaeffe963aad14fbdaeb69999304f9c6b3caf9dbbb24bf.dll,1
0622.dll,1
PYTHON22.dll,1
5501303b34d294633e4c669d63f91ad2.dll,1
e507e6d6e53146d7c7d7560845d7b51c.dll,1
74d93253090f999977fa8e32b03b94bb8d35f59a8390545fd10da0f7fb1fcd13.dll,1
lipre.dll,1
6a37b631e32c571b12665266e03ed315.dll,1
343661b61b464f2ac4bce4d207257241.dll,1
c964528298b6094cc34aca2fedb5ea7df61c51ba9e233073a66d8055dd9983f1.dll,1
81ba75dcf12f469146a4da9bed3855c491aa6d06bcd1bd8aeaaf13a97bedf1de.bin.dll,1
Binary.campeao.dll,1
TM102006_Yypcwbck-Revsed.bin.dll,1
qjyMrn.dll,1
8e8964a40dfebc4c9846b946ec2a7c99ad45c7224bf996fa17ed65221263dedd.dll,1
f09553bf19b2a4d01a66081bbe28be7d.dll,1
dab6bbebff07711f651b1bdc98e1a852.dll,1
af348da0c33f4271226020595bd7403b.dll,1
f7717ed99d759256aea8712ae72268e3.dll,1
77956379dd0a84c22f64afb31488523f.dll,1
bb2556e61cf91db2646de9f7408dee31.dll,1
57c7b095ba5c24d7bdc9407fb70d49fc.dll,1
379d12285807ef2b1f1d4f851649356e.dll,1
AuxiliaryDisplayApi.dll,1
DaumCrashHandler.dll,1
FF.dll,1
fb83b074fcbd826d8ce389ec354473322159fe3c72cc1d90c04612c753e61b23.dll,1
c0b1646614e51c6d52c4727dd00e652d5b7b7e22c925f30013631fe6c5d368c7.dll,1
MSIA052.dll,1
2364vg755gh443.dll,1
6295c6b8ed173.dll,1
01ffccfa16381f893b1b1bd908b34add3db71c635046eb4038ffa5b7232ef0be.dll,1
7a89fae02f36cd45364a62c9a329e3e77696337181fff35dcf36170c1417558f.dll,1
GAPI32.dll,1
48cf4c86527c83ec683917dd52b3fcca04fd8905c12058b50441019f40323d00.dll,1
a1e991b8c1382c8e33f407ed9c5eaff32ea5ca87073829df00dfa7cde78a4e01.dll,1
Adobe AIR.dll,1
71F1C8E85B4187C34451AEA70125E7F21759D7E24ADA3.dll,1
7301d6126cc0f933a4fa3358a349ef6c.dll,1
glut32.dll,1
GAPI32.dll,1
20B4D989D117848BEA18B1DA3E0E7E27E890BDF54A84D.dll,1
c340039882796575e931b463c65eb9e42e7c362f53d555792d9ac8afa83a28e1.dll,1
0bc087a91f55a067650c6751852c42f3.dll,1
SecuriteInfo.com.TROJ_GEN.F0D1C00EQ22.1297.28524.dll,1
dddss.dll,1
44707.8043857639.dat.dll,1
4b312a119321503383fbf9aaf65659046656096a7551d.dll,1
e2bc969424adc97345ac81194d316f58da38621aad3ca7ae27e40a8fae582987.dll,1
7f627710a670484bc0e3cc0aea7bf343.dll,1
37d43a510d862ac302a4aae2309a553a3bc0ebfaaefa7447704aa970f3832f9a.dll,1
3519642ddbd1b2a6654701ba0f6a624feaa52c198d93c9586e6b7ec1f0ac68ca.dll,1
44707.4561496528 (1).dat.dll,1
44707.4561496528.dat.dll,1
Wy0UnyNMFpe.dll,1
5de5e3440620950f0be99fc6728c7afe.dll,1
last_stage.dll,1
next_stage.dll,1
c9c0e45015785baff7f64720ba9c3ec85e70506cf78a6e25e8f11bc6949aadbb.dll,1
bde66b4246cfbb415549464b424ffd581885dc8a2b85cb2d2676ead4d66b64e8.dll,1
1176381ebfc60acd5078c5a6ac4ac5a0defffce6f1a6c1f6fbe830dd2df6c3e6.dll,1
cRZoCso1ZT.dll,1
goopdate.dll,1
procsvc.dll,1
628df1368bdb5.dll,1
9ce6868cb546819a7ba2fc27f91a3777,1
c83b3b02c6c5998d2b2417c564d4afd3.dll,1
18f09ccdad813d1f08b6e02457e31afd.dll,1
bub_2305.dll,1
remcos.exe.dll,1
60c225589579f7667684deff14c30d16c2f14c7c98fbd25b8ab36af7dab019a7.dll,1
f50cc756ef93c314d733c65425c5a4adb98413d8176867b5bbfcaa41fc05b07f.dll,1
12ae550976ca06b70100dc99473e0accd3320bb5c21278efc278f079e3eecae0.dll,1
out.dll,1
in.dll,1
d690ce39092615bc9cfab93b78857604.dll,1
074871d044d606d5437d8541a64d1700.dll,1
382eb0b93755ba4d8d8105579e25731c.dll,1
42090e1b9e97fd1472510b315df02b09.dll,1
a67c43a228f56c5316256760b10dba05.dll,1
3f978fd13fed28e1cfac8619e8cac2f0.dll,1
e437843780fa5731be0f9834b27ad934.dll,1
fed705c2b39d59922698d368e1ed3642487126f7fee77.dll,1
e45baeb7d72df362961dc9a6bae694ab.dll,1
b49ee4ca999b38096e02bc6428b68d1e.dll,1
ed32b70b9603d839573ffe5b81a67ff4.dll,1
ed32b70b9603d839573ffe5b81a67ff4.dll,1
fa0bec33b56b0fc8ff9318e6970bef0f.dll,1
140f7c6ffc4bf6ae6b7e37dfad4cd7d1.dll,1
821d0ab6732a942e782f16c691c44274.dll,1
d5a2bface1eb34931e5a46146865162c.dll,1
2107607de3e382580a8611993e97ff46.dll,1
7ca0dc962c4939c5b6a60e0df70f16d3.dll,1
1989b8e38d32ec9ebe74f12361378bbc.dll,1
77b5db97ea899c42df47e5c9d2774099.dll,1
d6b6d887807da2356f972d5ecc5c3a69.dll,1
ecc4c6d0ed83115b4e6a006bec8ca70d.dll,1
c77ef8fb443704663f729e6c1efa43a7.dll,1
aec0b2cdcda50bd57752bfe3281a745d.dll,1
bdd59465dce631ff39ff82caa8701d12.dll,1
d3b1042bc4bf8f2ecc5d933f2c3464f0.dll,1
8ad280bd539694d623771ecb8f3ee37e.dll,1
a88085e0251fd795e39ba02de1ebaf7c.dll,1
giveFirst.ex.dll,1
0819bba4f240548fad8b3cf7d3e7615b.dll,1
NONAME.bin.dll,1
62c6b5af0566b.dll,1
3a9ee4bc7f3ea02691545e64d9630d68.dll,1
opera_browser.dll,1
SecuriteInfo.com.Trojan.Malware.300983.susgen.8362.11512.dll,1
62c6b5af0566b.dll,1
9084752405636544767397.dll,1
SecuriteInfo.com.StaticAI-SuspiciousPE.29564.26809.dll,1
SecuriteInfo.com.StaticAI-SuspiciousPE.29564.27809.dll,1
SecuriteInfo.com.StaticAI-SuspiciousPE.10284.21311.dll,1
SecuriteInfo.com.Win32.SuspectCrc.11255.14414.dll,1
SecuriteInfo.com.Win32.SuspectCrc.13345.14414.dll,1
SecuriteInfo.com.Win32.SuspectCrc.11255.26646.dll,1
SecuriteInfo.com.Malware.AI.4077494251.23750.31268.dll,1
SecuriteInfo.com.Malware.AI.4651651256.26511.84189.dll,1
SecuriteInfo.com.Malware.AI.4863218911.65216.16513.dll,1
