exeName,Status
3DViewer.exe,0
3DViewer.ResourceResolver.exe,0
accicons.exe,0
AccountsControlHost.exe,0
accwiz.exe,0
ACECNFLT.EXE,0
ACME.EXE,0
ActionUriServer.exe,0
actmovie.exe,0
acu.exe,0
ACVISEX.EXE,0
ACW.exe,0
AdapterTroubleshooter.exe,0
AddInProcess.exe,0
AddInProcess32.exe,0
AddInUtil.exe,0
AddSuggestedFoldersToLibraryDialog.exe,0
admin.exe,0
agcp.exe,0
AgentService.exe,0
AgentSvr.exe,0
ahui.exe,0
aitagent.exe,0
aitstatic.exe,0
al.exe,0
alg.exe,0
apatch.exe,0
append.exe,0
AppHostRegistrationVerifier.exe,0
appidcertstorecheck.exe,0
appidpolicyconverter.exe,0
appidtel.exe,0
AppLaunch.exe,0
ApplicationFrameHost.exe,0
ApplySettingsTemplateCatalog.exe,0
AppResolverUX.exe,0
ApproveChildRequest.exe,0
AppSharingHookController.exe,0
AppSharingHookController64.exe,0
appvcleaner.exe,0
AppVClient.exe,0
AppVDllSurrogate.exe,0
appvdllsurrogate32.exe,0
appvdllsurrogate64.exe,0
appvlp.exe,0
AppVNice.exe,0
AppVShNotify.exe,0
AppVStreamingUX.exe,0
AppxClickHandler.exe,0
ARP.EXE,0
ARTGALRY.EXE,0
aspnet_compiler.exe,0
aspnet_merge.exe,0
aspnet_regbrowsers.exe,0
aspnet_regiis.exe,0
aspnet_regsql.exe,0
aspnet_state.exe,0
aspnet_wp.exe,0
asr_fmt.exe,0
asr_ldm.exe,0
asr_pfu.exe,0
AssignedAccessLockApp.exe,0
at.exe,0
AtBroker.exe,0
atmadm.exe,0
attrib.exe,0
audiodg.exe,0
audit.exe,0
auditpol.exe,0
AuditShD.exe,0
auditusr.exe,0
AuthHost.exe,0
author.exe,0
autochk.exe,0
autoconv.exe,0
autofmt.exe,0
autolfn.exe,0
AutoWorkplace.exe,0
AxImp.exe,0
AxInstUI.exe,0
baaupdate.exe,0
backgroundTaskHost.exe,0
BackgroundTransferHost.exe,0
bcastdvr.exe,0
bcdboot.exe,0
bcdedit.exe,0
bckgzm.exe,0
bcp.exe,0
BCSSync.exe,0
bdechangepin.exe,0
BdeHdCfg.exe,0
BdeUISrv.exe,0
bdeunlock.exe,0
BdeUnlockWizard.exe,0
betest.exe,0
bfsvc.exe,0
Bind.Exe,0
Binder.exe,0
BioEnrollmentHost.exe,0
bioiso.exe,0
BitLockerDeviceEncryption.exe,0
BitLockerToGo.exe,0
BitLockerWizard.exe,0
BitLockerWizardElev.exe,0
bitsadmin.exe,0
BIVISEX.EXE,0
blastcln.exe,0
bootcfg.exe,0
bootim.exe,0
bootok.exe,0
bootsect.exe,0
bootvrfy.exe,0
bridgeunattend.exe,0
BrmfRsmg.exe,0
BrowserCore.exe,0
browserexport.exe,0
browser_broker.exe,0
BS9532.EXE,0
BSMMPLYR.EXE,0
bthudtask.exe,0
Builder3D.exe,0
BuildNotification.exe,0
BulkOperationHost.exe,0
ByteCodeGenerator.exe,0
cacls.exe,0
cagicon.exe,0
calc.exe,0
Calculator.exe,0
WindowPicker.exe,0
Windows.Media.BackgroundPlayback.exe,0
WindowsActionDialog.exe,0
WindowsCamera.exe,0
WindowsLiveWriter.exe,0
WindowsMailGadget.exe,0
WindowsPhotoGallery.exe,0
WindowsServer2003-KB942288-v4-x64.exe,0
WindowsServer2003-KB942288-v4-x86.exe,0
WindowsServer2003-KB958655-v2-x86-ENU.exe,0
WindowsServer2003.WindowsXP-KB958655-v2-x64-ENU.exe,0
WindowsUpdateElevatedInstaller.exe,0
WindowsXP-KB942288-v3-x86.exe,0
WindowsXP-KB958655-v2-x86-ENU.exe,0
WinFXDocObj.exe,0
winhelp.exe,0
winhlp32.exe,0
winhstb.exe,0
wininit.exe,0
winload.exe,0
winlogon.exe,0
WinMail.exe,0
WinMgmt.exe,0
winmine.exe,0
winmsd.exe,0
WINPROJ.EXE,0
WinRes.exe,0
winresume.exe,0
winrs.exe,0
winrshost.exe,0
WinSAT.exe,0
WINSPOOL.EXE,0
WinStore.App.exe,0
winver.exe,0
WINWORD.EXE,0
CISVC.EXE,0
ckcnv.exe,0
cleanmgr.exe,0
cliconfg.exe,0
clip.exe,0
clipbrd.exe,0
ClipRenew.exe,0
clipsrv.exe,0
ClipUp.exe,0
CloudExperienceHostBroker.exe,0
CloudNotifications.exe,0
CloudStorageWizard.exe,0
clrver.exe,0
clussvc.exe,0
cluster.exe,0
CLVIEW.EXE,0
cmd.exe,0
cmdkey.exe,0
cmdl32.exe,0
CMigrate.exe,0
cmmon32.exe,0
cmstp.exe,0
CNFNOT32.EXE,0
CodedUITestBuilder.exe,0
cofire.exe,0
colorcpl.exe,0
Common.DBConnection.exe,0
Common.DBConnection64.exe,0
Common.ShowHelp.exe,0
communicator.exe,0
comp.exe,0
compact.exe,0
CompatTelRunner.exe,0
compcln.exe,0
CompMgmtLauncher.exe,0
ComputerDefaults.exe,0
comrepl.exe,0
comrereg.exe,0
ComSvcConfig.exe,0
conf.exe,0
ConfigSecurityPolicy.exe,0
conhost.exe,0
conime.exe,0
consent.exe,0
Consume.exe,0
ContactSupport.exe,0
control.exe,0
convert.exe,0
ConvertInkStore.exe,0
convlog.exe,0
coredpussvr.exe,0
coregen.exe,0
CorFlags.exe,0
cplexe.exe,0
cprepsrv.exe,0
cprofile.exe,0
CredDialogHost.exe,0
CredentialUIBroker.exe,0
credwiz.exe,0
csc.exe,0
cscript.exe,0
CSISYNCCLIENT.EXE,0
csrss.exe,0
csrstub.exe,0
ctfmon.exe,0
ctrpp.exe,0
cttune.exe,0
cttunesvr.exe,0
cvtres.exe,0
daprop.exe,0
dasHost.exe,0
DATABASECOMPARE.EXE,0
DatabaseMail.exe,0
DataExchangeHost.exe,0
DATAINST.EXE,0
DATAMAP.EXE,0
DataStoreCacheDumpTool.exe,0
DataSvcUtil.exe,0
DataUsageLiveTileTask.exe,0
davcdata.exe,0
dbcicons.exe,0
dccw.exe,0
DCEXEC.EXE,0
dcomcnfg.exe,0
DDConfigCA.exe,0
ddeshare.exe,0
ddodiag.exe,0
debug.exe,0
Defrag.exe,0
deletetemp.exe,0
desktopimgdownldr.exe,0
devenv.exe,0
DeviceCensus.exe,0
DeviceCredentialDeployment.exe,0
DeviceDisplayObjectProvider.exe,0
DeviceEject.exe,0
DeviceEnroller.exe,0
DevicePairingWizard.exe,0
DeviceProperties.exe,0
DFDWiz.exe,0
dfp.exe,0
dfrgfat.exe,0
dfrgifc.exe,0
DfrgNtfs.exe,0
dfrgui.exe,0
dfsr.exe,0
dfsvc.exe,0
DFUICOM.EXE,0
DiagnosticsHub.StandardCollector.Service.exe,0
dialer.exe,0
diantz.exe,0
diffmerge.exe,0
Digcore.exe,0
digitalx.exe,0
digitizerbitmapdump.exe,0
dinotify.exe,0
directx_Jun2010_redist.exe,0
disco.exe,0
diskpart.exe,0
diskperf.exe,0
diskraid.exe,0
DiskSnapshot.exe,0
Dism.exe,0
DismHost.exe,0
dispdiag.exe,0
DisplaySwitch.exe,0
DISTRIB.exe,0
ditrace.exe,0
djoin.exe,0
dllhost.exe,0
dllhst3g.exe,0
dmadmin.exe,0
dmcertinst.exe,0
dmcfghost.exe,0
dmclient.exe,0
DmNotificationBroker.exe,0
DmOmaCpMo.exe,0
dmremote.exe,0
dns.exe,0
dnscacheugc.exe,0
dnscmd.exe,0
doskey.exe,0
dosx.exe,0
dotNetFx40_Full_x86_x64.exe,0
dpapimig.exe,0
DpiScaling.exe,0
dplaysvr.exe,0
dpnsvr.exe,0
dpvsetup.exe,0
DRAT.EXE,0
driverquery.exe,0
drvcfg.exe,0
drvinst.exe,0
drvqry.exe,0
drvupdate-amd64.exe,0
DRWATSON.EXE,0
drwtsn32.exe,0
DsmUserTask.exe,0
dsregcmd.exe,0
DSSM.EXE,0
dstokenclean.exe,0
DTExec.exe,0
dtshost.exe,0
DTSWizard.exe,0
dtutil.exe,0
dumprep.exe,0
dusmtask.exe,0
dvdplay.exe,0
dvdupgrd.exe,0
DW.EXE,0
dw20.exe,0
dwm.exe,0
DWTRIG20.EXE,0
DWWIN.EXE,0
dxcap.exe,0
dxdiag.exe,0
Dxpserver.exe,0
Eap3Host.exe,0
EaseOfAccessDialog.exe,0
easinvoker.exe,0
EASPolicyManagerBrokerHost.exe,0
ECMangen.exe,0
editor.exe,0
edlin.exe,0
EdmGen.exe,0
EDPCleanup.exe,0
edpnotify.exe,0
efsui.exe,0
EhStorAuthn.exe,0
embeddedapplauncher.exe,0
EmbeddedAppLauncherConfig.exe,0
empiresx.exe,0
EQNEDT32.EXE,0
esentutl.exe,0
EspExe.Exe,0
eudcedit.exe,0
evcreate.exe,0
eventcreate.exe,0
eventtriggers.exe,0
eventvwr.exe,0
evntcmd.exe,0
evntwin.exe,0
evtrig.exe,0
EXCEL.EXE,0
excelcnv.exe,0
EXCH_regtrace.exe,0
exe2bin.exe,0
expand.exe,0
explorer.exe,0
ExtExport.exe,0
ExtidGen.Exe,0
extrac32.exe,0
F12Chooser.exe,0
F5VpnPluginApp.exe,0
FASTBOOT.EXE,0
fastopen.exe,0
fc.exe,0
Microsoft.AAD.BrokerPlugin.exe,0
Microsoft.ECApp.exe,0
Microsoft.Mashup.Container.exe,0
Microsoft.Mashup.Container.Loader.exe,0
Microsoft.Mashup.Container.NetFX40.exe,0
Microsoft.Msn.Weather.exe,0
Microsoft.Photos.exe,0
microsoft.ppi.welcome.exe,0
Microsoft.StickyNotes.exe,0
Microsoft.Uev.CscUnpinTool.exe,0
Microsoft.Uev.SyncController.exe,0
Microsoft.Wallet.exe,0
Microsoft.Workflow.Compiler.exe,0
Microsoft.XslDebugger.Host.exe,0
MicrosoftEdge.exe,0
MicrosoftEdgeCP.exe,0
FirewallControlPanel.exe,0
FirewallSettings.exe,0
FirstLogonAnim.exe,0
FIRSTRUN.EXE,0
fixmapi.exe,0
FixSqlRegistryKey_ia64.exe,0
FixSqlRegistryKey_x64.exe,0
FixSqlRegistryKey_x86.exe,0
FlashPlayerApp.exe,0
FlashUtil_ActiveX.exe,0
flattemp.exe,0
flattener.exe,0
FlickLearningWizard.exe,0
FLTLDR.EXE,0
fltMC.exe,0
fodhelper.exe,0
Fondue.exe,0
fontdrvhost.exe,0
fontview.exe,0
forcedos.exe,0
forfiles.exe,0
fp98sadm.exe,0
fp98swin.exe,0
fpadmcgi.exe,0
fpcount.exe,0
fpicon.exe,0
fpremadm.exe,0
FreeCell.exe,0
FRONTPG.EXE,0
fsavailux.exe,0
fsquirt.exe,0
fsutil.exe,0
fsx.exe,0
FSXDemo.exe,0
ftp.exe,0
FUSLOGVW.exe,0
fvenotify.exe,0
fveprompt.exe,0
fveupdate.exe,0
FxCopCmd.exe,0
FxCopSetup.exe,0
fxsclnt.exe,0
FXSCOVER.exe,0
fxssend.exe,0
FXSSVC.exe,0
FXSUNATD.exe,0
gacutil.exe,0
401c79f66cb3c949923fbf8a9992041b.exe,1
AntiOS_3.9.1.exe,1
dont.exe,1
NixwareLauncher.exe,1
09b2aa52da0907be0612dfcc275843ec.exe,1
7eebda9b150a27aa13967cf62cc8bd62.exe,1
forcollabvm.exe,1
testrst.exe,1
Insidious.exe,1
PO#23754-1.exe,1
d650bea4cd569e73eba0e491e31dfbcd08510e1e9cde3c7a7195e83f5c907698.exe,1
9c9e61bb17c37a99e69ce8a19866b755.exe,1
compinfo_prod.exe,1
PRO-GEN_MBAM_Install.exe,1
eset_smart_security_premium_live_installer.exe,1
ThousandResourcefulness.exe,1
LocalgBIIoWmpfp..exe,1
swift copy.exe,1
e8a091a84dd2ea7ee429135ff48e9f48f7787637ccb79f6c3eb42f34588bc684.exe,1
SecuriteInfo.com.UDS.Backdoor.Win32.Remcos.gen.22316.23352.exe,1
Govorilka222.exe,1
Neft_Rtgs_01_06_2022_pdf.exe,1
SecuriteInfo.com.Variant.Tedy.136216.9869.6208.exe,1
GhcCheats (1) (1).exe,1
SecuriteInfo.com.Gen.Variant.Nemesis.7820.15856.21940.exe,1
4151601d4bc05e30e3ab229d714292c5.exe,1
indlaw3321456.exe,1
Hakai v2.2.exe,1
dcdad3f250d133d8f19c877260bc1487.exe,1
caad077f15221b206bb12c3184c66542.exe,1
b670441066ff868d06c682e5167b9dbc85b5323f3acfbbc044cabc0e5a594186.exe,1
VyprVPN-4.3.1.10763-installer.exe,1
SecuriteInfo.com.W32.AIDetectNet.01.31024.731.exe,1
SecuriteInfo.com.Trojan.GenericKD.49115263.2598.20143.exe,1
attack_rat.exe,1
SecuriteInfo.com.Trojan.PackedNET.1366.12782.20875.exe,1
SecuriteInfo.com.Trojan.PackedNET.1366.26677.5894.exe,1
d917b66603d07b08c6276c57a84c3de566a611de172360b873d734f85d40769c.exe,1
GeneratedStub-1.exe,1
RblxImageLoggerSploitz.exe,1
npp.8.4.2.Installer.x64.exe,1
CCleaner.exe,1
Evon Exploit V3_65812.exe,1
doc-file-pdf.exe,1
Draft BL.exe,1
WannaCry.EXE,1
Ransomware.wannacry.exe.malz,1
ed01ebfbc9eb5bbea545af4d01bf5f1071661840480439c6e5babe8e080e41aa.exe,1
d22f950953506916197f8407984bc1051e085696e90719c4f2df696e6f9b0da2.exe,1
Setup_com0com_v3.0.0.0_W7_x86_signed.exe,1
RS_RecoverKeysInstallerUSB.exe,1
PerfectDrums_KeyGen.exe,1
Sample4malware.exe,1
2222.exe,1
BombBot.exe,1
MoneyMinerCrypted.exe,1
MinerKiller (2).exe,1
K.M.S.p.i.c.o Setup.exe,1
2995945,1
02995945_1,1
02995945_2,1
02995945_3,1
ItroublveTSC.exe,1
locky.exe,1
c6c28128200eb59c1d37229a6bf8a713.exe,1
KMSpico_setup.exe,1
SecuriteInfo.com.W32.AIDetect.malware2.15521.23911.exe,1
droot-DiscordTool.exe,1
n.exe,1
2a3b92f6180367306d750e59c9b6446b.exe,1
b238708a6c194f7cb92c8c50400a3a98.exe,1
27ab6a7528871227694644007c30081b.exe,1
5351238491.exe,1
BARTIN~1.EXE,1
etisalat_imps_pc-en.exe,1
bff74c9ec925cb572672dead10eef5ab4a79fdf7b3df3447d4bb47bb3f1700ad.exe,1
Evon Exploit V3_85601.exe,1
EvopeSetup.exe,1
bd7bdf1fe2307d49c71109ee8a7759b1919bccf1f0e6ee3daa76cf3834d7e3be.exe,1
$REIM830.exe,1
Minecheck.exe,1
itroublev.exe,1
FRACCIONAMIENTO_1722403906461L.exe,1
1668531f4a42a019db4a84b1744e9e40af733b25e9ace5f1d8f4b0611536d726.exe,1
1d4c0932f3fb0d83ca82a8eb6da6e227.exe,1
ALTools.exe,1
123ss.exe,1
ChristmasFireplace.exe,1
MEMZ.exe,1
K-Emu-lator_0.9.8_Setup.exe,1
{71257279-042b-371d-a1d3-fbf8d2fadffa}.exe,1
EXAFarm.exe,1
773d10e4d36af108e25f0863488851a9.exe,1
ACTUALIZACION DE COTIZACION.exe,1
SecuriteInfo.com.Trojan.PackedNET.1367.15769.17998.exe,1
"2 fiyat, spesifikasyon ve son tarih##9.exe.bin",1
YAPM.exe,1
0a46fa47a68f9f4298eef92b0a9666b87f94e951a3325f30e88c4ca5497c139a.exe,1
Request for Quotation of Valves - EGIC Factory and Flange-Request-TR-1498.exe.bin.exe,1
RadisanCommunicationTechnology.exe,1
winrar-x32-611.exe,1
wpass.exe,1
AV2.EXE,1
j.exe,1
1_Inx.exe,1
08e4facff439fffae89e9a02b54e424b.exe,1
doc2022052000010030010101.exe,1
Ginzo.exe,1
5.exe,1
Swift-2049569.exe,1
mannu5644321.exe,1
71.exe,1
123.exe,1
0c10cf1b1640c9c845080f460ee69392bfaac981a4407b607e8e30d2ddf903e8.exe,1
2bad63edfca3e163691110868bfafe4c2fea3ee72f5dc520bee5d4401cec3cec.exe,1
a29f63484f53d2cf832b2bc70d6b66378b87b86221f885d0f43166503d631ef3.exe,1
S.T.A.L.K.E.R.2.exe,1
39BEE43DDD3E75352C918E0554ACAF8D8E78F0765678A.exe,1
qyZsOCiF3wB91CQ.exe,1
Cotización.exe,1
f69b759484f6dddde5ee53713c16bd8f.exe,1
pool.exe,1
peel.exe,1
vbc.exe,1
Sphinx.exe,1
RegAsm.exe,1
Krnl_bootstrapper.exe.exe,1
f3a5acdc59100306eb673aca87891b7f.exe,1
objfciqn.exe,1
Elsify v2.dll.exe,1
bombka.exe,1
fe965bd3bfb8e0c95a0acdbe81b35127.exe,1
f1977b28a9a17f7c8fca868cbff48be8.exe,1
stepn gps bot.exe,1
STcPAfEVGEPdZGk.exe,1
aee20f9188a5c3954623583c6b0e6623ec90d5cd3fdec4e1001646e27664002c.exe,1
fivem_exec.exe,1
#NAME?,1
wrar602.exe,1
Buff Achievement Tracker - Installer.exe,1
VkDJ.exe,1
NinjaInjector.exe,1
Endermanch@BadRabbit.exe,1
Endermanch@7ev3n.exe,1
EF_Process_Manager_22.04_32.exe,1
DDWPasteRecon.exe,1
salvador.eml.exe,1
ActivityPlush_DE_ger_Setup.exe,1
Crazy.exe,1
StartIsBack-2.9.0.exe,1
Fantom.exe,1
msdcsc.exe,1
Endermanch@WannaCrypt0r.exe,1
Endermanch@PolyRansom.exe,1
31E95C001FCDE0FC9D96FCF9DCCCC27445CEDBB22E095.exe,1
sirefef_Zer0access_DROPPER.exe,1
msgboxing.exe,1
336EB41974AF23D6D19152544FF0CFA65D6261223FBEE.exe,1
1c3e01d4b5ba9e05ff35b719602fbc38.exe,1
8bba14cf-fceb-11e7-ba1c-80e65024849a.file.exe,1
ModzV.3.4.exe,1
Endermanch@000.exe,1
ab34ce653200d046e01f59b564017a29.exe,1
1049f535389a2cd97f34d845c3ffc9c8.exe,1
RFG73649.exe,1
5b6f02d1b7325b2f800dc2a6b45a027d.exe,1
AsyncCddlient.exe,1
D3STR0Y3R.exe,1
CoinMine.exe,1
MrProxy v3.87.exe,1
Programita Gracioso.exe,1
Silvestras_Proxy.exe,1
Bruhdog.exe,1
123nt.exe,1
Clie.exe,1
E906FA3D51E86A61741B3499145A114E9BFB7C56.exe,1
ent.exe,1
password-refl_txt.exe,1
OlympicDestroyer.exe,1
ChlebeekLauncher_nocf-Cleaned.exe,1
nedohackers.exe,1
c935626bc0588457c4cd0021e95efe3ace49c89f84930ee1757e87654479ccaa.exe,1
wawy.exe,1
sky.exe,1
STMod.exe,1
PNG-Logger.exe,1
ab0aa003d7238940cbdf7393677f968c4a252516de7f0699cd4654abd2e7ae83.exe,1
PC_En-1652016024_setup.exe,1
OneTap.exe,1
API code.exe,1
Amazon_AIO.exe,1
image logger V3.0.exe,1
Bot.exe.exe,1
NjRat 0.7D Green Edition by im523.exe,1
c1ae256c64e09895b3b81fc03d85390eb233363c5acfb547e3879f46f80d04a8.exe.malware.exe,1
Doctor.exe,1
AsyncCddlient.exe,1
Death-RAT.exe,1
Qasim_Haxor.exe,1
winrar600.exe,1
PFA-550.exe,1
MediaGet_id4665030ids1s.exe,1
s1.exe,1
dllhost.exe,1
file3.exe,1
$77COM Surrogate.exe,1
detalles de pago.pdf.exe,1
anyunlock-iphone-password-unlocker-en-setup.exe,1
1197600416c58cf5aa506c1dcdf8e7b7.exe,1
IFindYourPath_RANSOMWARE.exe,1
7b7328a020bf16f8a3915f1a0b4e7ecb.exe,1
485100082000783981_pdf.exe,1
831689238.exe,1
CCMaker.exe,1
321e57800993011ddd88a94f0c4bcef0.exe,1
_Ready or Not_.exe,1
dobrota.exe,1
658c89eaa7029ba971f6d1fb03520e35.exe,1
SOA (2).exe,1
Speed_expl0it.exe,1
V4.exe,1
FA22F00125527DDC58BA27B76C1C571430266C2C8AA57.exe,1
KyELTvlArhdl7Nr.exe,1
#NAME?,1
readerdc_uk_xa_crd_install (1).exe,1
MarsStealer8_cracked_by_LLCPPC.exe,1
thunderbirdtransfer.exe,1
Ratja.exe,1
Ableton_KeyGen.exe,1
TakerHack.exe,1
Setup_FileViewPro_2022.exe,1
DF.exe,1
decoded.exe,1
708e198608b5b463224c3fb77fcf708b845d0c7b5dbc6e9cab9e185c489be089.exe,1
Arkei_Advanced_Stealer_Free.exe,1
VOID.exe,1
6a4fd3a3fc49511585d4c49cfd6c7db0.exe,1
e6ac4d4a607a86c1945f8337d7e4070a.exe,1
04ea0da6b921494dd73f396ecfe1de5d.exe,1
cd3ce7188d4c93259f0524b8087a207d.exe,1
ed01ebfbc9eb5bbea545af4d01bf5f1071661840480439c6e5babe8e080e41aa.exe,1
78611f07cffd45163f9785022548ef9a.exe,1
bf8d39c70e2b7b72595bda41242829ba290298acae8d0dda2c5d7acce4d5dec9.exe,1
ablay.exe,1
AsyncClient.exe,1
jevil_simulator.exe,1
Endermanch@CleanThis.exe,1
CODEEVO.exe,1
file_for_check.exe,1
pilar_rm_202211_es.exe,1
BYPASSEMULATORexe.exe,1
nuevo pedido.pdf.exe,1
Shadowsocks-4.4.0.185(4).exe,1
dd6d9a747d1e80d5a2f2890af2fb5ae0ec90d71917fefe323468c7ad6ff5683e.exe,1
AAclr.exe,1
zefoy bot.exe,1
cf8533849ee5e82023ad7adbdbd6543cb6db596c53048b1a0c00b3643a72db30.bin.exe,1
pilarbasic_2021111_es.exe,1
abc4-cleaned.exe,1
917e0e9eafc6cda73bff5d17ce4086cc.exe,1
0c856b398d9eab483b43dac0ca2c776c.exe,1
ImpactInstaller-0.9.5 (1).exe,1
ItroublveTSC-cleaned.exe,1
https!www.limetorrents.pro!leet!search=1 - Downloader.exe,1
MBRLock_Builder.exe,1
ffe4ef6d41891dd7ee289b7888cb3d6f2e5f7cc38cdb4cb32202ffba325ec229.exe,1
ef567c55-fdd5-4615-83ce-0fe5d7bfd1b2.exe,1
fd30d70cf0a4ecf1e292a0f5f05b9225d0c6965087702804c98243cdac8e502a.exe,1
Aabes.exe,1
18c7c5e7d5146bef12ead85598bf5d2c48ee5e6634d4769221d3e7712809f1ad.exe,1
07aec94afba94eb3b35ba5b2e74b37553c3c0fed4f6de1fbac61c20dae3f29d4.exe,1
krnlss.exe,1
Free_Robux_NoVirus.exe,1
@Gerardineitor_crypted_signed.exe,1
a54747eaf6d63ce39338d704a101d9a62eec245451ba07549fb98adb7fdb415f.exe,1
AlteryxDownloadManager_NonAdmin_x64.exe,1
Your_File_Is_Ready_To_Download (1).exe,1
683a09da219918258c58a7f61f7dc4161a3a7a377cf82a31b840baabfb9a4a96.bin.exe,1
91791f8c459f32dc9bf6ec9f7ee157e322b252bc74b1142705dcc74fe8eced7e.exe,1
cf8533849ee5e82023ad7adbdbd6543cb6db596c53048b1a0c00b3643a72db30.bin.exe,1
e2dac90f4afdfd5be54e38ce393fa2a3.exe,1
QTE00038319.exe,1
75009107d25dd61f8aeba35623229311f50cae948f35c5640b03308e97977587.exe,1
e25d8d4529da35ba0906594b66dd5d3f69f52c5f40a9ef510169d7f0a38979f0.exe,1
f579543cab4bc4ec4141edb20a8113e3.exe,1
CreTap - External.exe,1
ML Bypass RePack(v2).exe,1
b7fe8c8e4feb3539837fa5910a789705.exe,1
real8.exe,1
605a09f6e2d07eb43ee1220bac005960.exe,1
31188e8a7163da611f962fac5e7d153374bf8bbf118bc4d55daea656045896f2.exe,1
4cbdcf388d240b158000174e1ca998818954019eea8afa105f5840a1ef5a0133.exe,1
ed75cfebf2544fb151d4a54be25d483a.exe,1
HZD DoF Killer.EXE,1
b7fe8c8e4feb3539837fa5910a789705.exe,1
OperaGXSetup.exe,1
25e0ad4fb5e1fb4f94898979fa28d9ef.exe,1
AsyncRAT.exe,1
816f4764cc13ffb9ac1b6d35ddb22d1d7a26091a367dbc07906ae24d4b6db469.exe,1
ae4c3b90b1ae7437a2912ffdeae73a41.exe,1
97440ea0cd6403ea0584e1ce47ddd989.exe,1
c675fc3d5c05df0693ea6354acfc198e2265004ff93b500313cab4ea217ca5c6.exe,1
aaf0ab40b46dc8b7fa36fd9c0c3a1fcca963b15253bd2d67028dab779bcc1931.exe,1
Quotazione_pdf_________________________________.exe,1
314107f0cd2737cfcf50c33768cc38c0505167f037b7b80a3f150565316b60a4.exe,1
f59ee906bc0df423ca26ad7436eedaad.exe,1
Screaming Frog SEO Spider 16.7.exe,1
38bf126d13480ee1c3f8da851fa03b69.exe,1
TanhayOutstandingInvoices2022pdf.exe,1
5354eb8f97d1c4427395833ad94bcc40.exe,1
4d94232ec587f991017ed134ea2635e85c883ca868b96e552f9b5ac5691cdaf5.exe,1
01ff4d06c7ec7d79ef60f79b8e928178.exe,1
f383aca77ec8694ab609f6c6ee464bde.exe,1
e1e62fbf8a6bdeaf99eec0c4acc750dd5cbd0638731261fbbe8b149975ddc982.exe,1
Bewerbung.pdf.exe,1
ed01ebfbc9eb5bbea545af4d01bf5f1071661840480439c6e5babe8e080e41aa.exe,1
5ff56d0c80e417843cb63e910402d61bafed3396a37aca3e5122b78fa1650a0b.exe,1
3c225e22900dab4e2e7d67528a4ef09f.exe,1
AutoResetEv.exe,1
mmanu231446.exe,1
517118006d55c695e31c4115be2b04d64607ae7b20e917bb2971f34ccf55a9aa.exe,1
bomber_creex.exe,1
eloelo.exe,1
tfgff.exe,1
generator_mamusiek.exe,1
uuu.exe,1
4f1a14769b149677a39c1d1074ca1c17fa38324a578c5125c2470a6603273f2c.exe,1
axcrypt_2-1-1585_en_12208_32.exe,1
@blackhat010-6009dc2b-613e-43e5-9390-5832ac2f56d5.exe,1
PSC_GEN.exe,1
lockyRansomware.bin.exe,1
0e7273c86411990c16f88eded34c1c38.exe,1
Villan Injector.exe,1
new29174.exe,1
0b776fe5b0b4967c1a9b519cdef9dc40.exe,1
hidden-tear.exe,1
play.exe,1
trick05ddb093214e73a1014ee03924e308267281b9f383ab85ea03c3d98dfeeec38a.bin.exe,1
DMShJKd.exe,1
Agent_Tesla_Panel_+_builder.exe,1
pcsx2-1-6-0.exe,1
bb46fb813b1a0a9429642cdcf8a41e56e5b893339a3cb.exe,1
re.exe,1
mnn.exe,1
22bde89a8afcad7436370bcbc8a6b1ea.exe,1
bot.exe,1
3ba388cdf2e1ee661d5339bc1c7e0ef6.exe,1
exe.exe,1
864bbb6314ae4dda7385906f77fafd29.exe,1
assds.exe,1
Erje32bit.exe,1
Cotización tipo de cambio 18.05.22.exe,1
a91948ce235c8a43e0d5f3915dd6dd7482ecd50aaaa423849ae4857d8504bc60.exe,1
outy.exe,1
fileexe.exe,1
VkDJ.exe,1
stage3_inject.exe,1
Stub Name.exe,1
0890cebc001513c40619f0f020b9c112085e3981.exe,1
traveldoc1__PEFILE__OFFSET=0xc492__ROL-KEY=0x08.bin.exe,1
Wa.exe,1
sample2.exe_,1
Sleeky.exe,1
FabFilter_KeyGen.exe,1
17ee31fe1d3a9b49d5bd48e8f156fb8d6cd68f98b6a19536ddeb32d75f161f8e.exe,1
pdf.exe,1
@hc.exe,1
___.exe,1
WannaCry.EXE.download.exe,1
ec4f09f82d932cdd40700a74a8875b73a783cbaab1f313286adf615a5336d7d3.exe,1
2b895abf06ba68fcebaac432ffef231e6accc75b4a1b8c11450d9f92ea7e1226.exe,1
ec4f09f82d932cdd40700a74a8875b73a783cbaab1f313286adf615a5336d7d3.exe,1
a31eb55003834823679085184dbdc0946ffd0037567bd2c088d16e6e95b0d913.bin.sample.exe,1
17f52822b0ce6ede3496f5ecffeee1820dc51a1e.exe,1
b9079fb0fff9f40d7b5544f29d260b1659d8fcf019deadc72ec2c12882203a66.bin.sample.exe,1
03d6.exe,1
636af9a18cbc1e551f919976e99d1a5f5f9d765e2a26db8b1b20a4a5ee99c2ba.bin.sample.exe,1
45317968759d3e37282ceb75149f627d648534c5b4685f6da3966d8f6fca662d.bin.sample.exe,1
SMTP CRACKER.exe,1
df;yj 5 ctr.exe,1
877.exe,1
c9941b3fd655d04763721f266185454bef94461359642eec724d0cf3f198c988.bin.sample.exe,1
XZOBTA.exe,1
GandCrab.exe,1
GMUVOF.exe,1
b7319f3e21c3941fc2a960b67a150b02f1f3389825164140e75dfa023a73d34c.bin.sample.exe,1
good.exe,1
D16_RSA_KeyGen.exe,1
Rainmeter-4.5.13.exe,1
9e42c9cc5824f9c21f7e673dbd9c68dfc8cd11cf9cc4e2b1069d07cea1b30bdc.bin.sample.exe,1
onetapv2.exe,1
a91948ce235c8a43e0d5f3915dd6dd7482ecd50aaaa423849ae4857d8504bc60.exe,1
a7306302feb435c59cecf8881bf72ed43dc4e96d70a0b66def885167ffcbf08d.bin.sample.exe,1
fb061305a6af048ecee60f8588c641cd18f9cc1975f96ef2d3b7666b5d5345ad.bin.sample.exe,1
8lzX6DtUhThCIRB.exe,1
3ae96f73d805e1d3995253db4d910300d8442ea603737a1428b613061e7f61e7.bin.sample.exe,1
Ginzo.exe,1
PC_En-1652877624_setup.exe,1
Vape V4 Injector.exe,1
Navalny-WP.exe,1
400000.RegAsm.exe,1
PAGO 041011.exe,1
m.exe,1
SecuriteInfo.com.Trojan.MSIL.AgentTesla.ETN.MTB.22637.31446.exe,1
5df93ab049f7e6b8221ba6ec6187898b.exe,1
f7c693266030e150076028f659665667.exe,1
tktk.exe,1
ooo.exe,1
3eb4e7e0a0e0b0c0f75e20d0a69dd361.exe,1
skyrunyyu655432.exe,1
PO.001543666.exe,1
Ziraat Bankasi Swift Mesaji.exe,1
DHLDOCUMENT26.exe,1
#NAME?,1
a66d28a5bd554c5e6ebcbeb21be9df10.exe,1
hesaphareketi-01.exe,1
Checkra1n 0 .12 .5.exe,1
c010435f73b8e02b5fef5a14b9435806.exe,1
af64bb679bd63e991dc26e1f46fe2935.exe,1
RFQ.exe,1
Rrgbu.exe,1
mezx.exe,1
Halkbank_Ekstre_20220525_103511_102798 (2).exe,1
RobuxGenerator2022.exe,1
a8fae49a7ab484664af2bdeba6d1ee3a.exe,1
Бот.exe,1
c35a524d-448b-41a8-976f-8e0109b07302.exe,1
ra.exe,1
o.exe,1
ÖDEME FORMU.exe,1
Steel.exe,1
SKMBT_22122012816310TD01_20220128_163956 PDF.exe,1
6R24hlXGVS56Z6Y.exe,1
YASAR KEMAL - ITC.exe,1
Swift.pdf.exe,1
doc20220010010021.pdf.exe,1
Profoma_Inv-01298627354IC pdf.exe,1
522bb6bd6063c36394b87201c8eb53e2.exe,1
whoami.exe,1
e560ded3fa683a1a130d8726526fd9414f3a2290.exe,1
Payment Copy.PDF.exe,1
3343d503-0bd7-42e6-84a3-09679fdce7d2.exe,1
a826a9dda069efa6dda5ef9d0e5984fd.exe,1
